id,gender,smoker,age,degree,region,weekly wage
1,female,no,80,no,london,1000
2,male,yes,28,yes,london,1000
3,male,yes,26,yes,london,1000
4,female,no,58,yes,london,1780
5,female,no,54,no,london,2000
6,male,yes,57,yes,london,4303
7,male,yes,36,yes,london,1583
8,female,yes,32,no,london,1000
9,female,no,49,yes,london,1360
10,male,no,46,yes,london,2542
11,female,no,59,no,london,1000
12,male,no,52,no,london,2500
13,female,no,50,no,london,1862
14,male,yes,19,yes,london,1040
15,female,no,38,no,london,1845
16,male,no,35,yes,london,1000
17,male,no,25,yes,london,1600
18,male,yes,24,yes,london,3167
19,male,no,28,no,london,1000
20,male,no,30,yes,london,2501
21,male,no,24,yes,london,3166
22,female,yes,22,yes,london,1951
23,female,yes,30,yes,london,1918
24,male,no,38,no,london,1000
25,female,no,38,no,london,1000
26,female,no,20,no,london,1150
27,female,no,18,yes,london,1000
28,male,no,59,no,london,1000
29,female,yes,70,no,london,1152
30,male,yes,30,no,london,1500
31,female,yes,29,no,london,1000
32,male,no,47,no,london,1000
33,female,no,43,no,london,1394
34,female,no,21,yes,london,1909
35,female,no,19,yes,london,1260
36,female,no,35,no,london,1221
37,male,no,43,yes,london,1000
38,female,yes,22,yes,london,1000
39,female,no,20,yes,london,1000
40,female,no,17,yes,london,1000
41,female,no,24,yes,london,1000
42,female,yes,27,yes,london,2300
43,male,yes,34,yes,london,2350
44,female,no,46,yes,london,2601
45,male,no,29,yes,london,2417
46,male,no,51,yes,london,2372
47,female,no,34,yes,london,2400
48,male,no,29,yes,london,2872
49,female,yes,49,yes,london,2583
50,male,no,48,no,london,1000
51,female,no,36,yes,london,3543
52,male,no,70,no,london,1000
53,male,yes,79,no,london,1000
54,female,no,37,yes,london,2101
55,male,yes,56,no,london,2081
56,male,yes,30,no,london,2040
57,female,yes,29,no,london,1953
58,female,no,77,no,london,1000
59,male,yes,28,yes,london,4002
60,male,no,25,yes,london,1964
61,female,no,26,yes,london,1921
62,male,no,61,yes,london,1333
63,male,no,49,no,london,1000
64,female,no,36,no,london,1562
65,female,no,19,yes,london,1156
66,female,no,43,yes,london,2501
67,male,no,17,yes,london,1000
68,female,yes,72,no,london,1000
69,male,no,82,no,london,1000
70,female,no,75,no,london,1000
71,male,yes,75,no,london,1000
72,male,no,49,no,london,2327
73,female,no,44,no,london,1932
74,male,no,49,no,london,2500
75,female,yes,47,yes,london,1975
76,female,yes,48,yes,london,1000
77,male,no,23,yes,london,1972
78,female,yes,23,yes,london,2001
79,male,no,48,yes,london,4250
80,female,no,46,yes,london,1000
81,male,no,37,yes,london,3003
82,male,no,85,no,london,1000
83,female,no,72,no,london,1000
84,male,yes,36,no,london,2096
85,female,yes,32,yes,london,1050
86,male,no,84,no,london,1000
87,female,no,83,no,london,1000
88,male,no,64,no,london,1000
89,female,yes,60,no,london,1000
90,female,no,33,yes,london,1900
91,male,yes,38,no,london,1867
92,female,no,34,yes,london,1006
93,female,no,86,no,london,1000
94,female,no,48,no,london,1000
95,male,no,45,no,london,1000
96,female,no,16,no,london,1000
97,female,no,49,yes,london,1559
98,male,no,21,yes,london,1000
99,male,no,75,no,london,1000
100,female,yes,71,no,london,1000
101,male,no,46,yes,london,1691
102,female,no,45,yes,london,1000
103,male,no,21,yes,london,1417
104,male,no,18,no,london,1560
105,male,no,22,yes,london,1156
106,female,yes,25,yes,london,1000
107,female,no,74,no,london,1000
108,male,yes,63,no,london,1780
109,female,no,63,no,london,1000
110,female,no,32,yes,london,1000
111,male,no,32,yes,london,4171
112,male,no,82,yes,london,1000
113,female,no,76,no,london,1000
114,male,no,75,no,london,1000
115,female,yes,74,no,london,1000
116,female,yes,45,yes,london,2501
117,male,yes,41,no,london,3083
118,female,yes,20,yes,london,1290
119,male,no,56,no,london,1000
120,female,no,51,yes,london,1000
121,male,no,31,no,london,1000
122,male,no,25,no,london,1000
123,female,yes,29,yes,london,2001
124,female,yes,28,yes,london,2892
125,female,yes,27,yes,london,3002
126,male,yes,24,yes,london,2451
127,male,yes,23,yes,london,1000
128,male,no,36,yes,london,3502
129,male,yes,50,yes,london,1000
130,female,yes,49,no,london,1433
131,male,no,23,no,london,2482
132,male,yes,36,yes,london,1000
133,male,yes,32,yes,london,3302
134,male,no,68,no,london,1000
135,female,no,33,yes,london,2619
136,male,no,30,no,london,1771
137,female,yes,38,no,london,1000
138,male,no,77,no,london,1000
139,female,no,75,no,london,1000
140,female,yes,26,no,london,1000
141,male,yes,41,yes,london,2301
142,female,yes,37,no,london,1000
143,male,no,28,yes,london,2334
144,female,no,24,yes,london,2341
145,female,yes,39,yes,london,2601
146,female,no,61,no,london,1000
147,female,yes,47,no,london,1624
148,male,yes,54,no,london,1000
149,male,yes,30,yes,london,2211
150,female,yes,25,yes,london,2001
151,male,no,29,yes,london,2198
152,female,no,28,yes,london,2401
153,female,no,39,no,london,1000
154,female,yes,61,no,london,1000
155,male,yes,60,yes,london,1000
156,male,no,27,yes,london,3061
157,male,no,48,yes,london,2701
158,female,no,24,no,london,1000
159,male,no,58,no,london,1000
160,female,no,61,yes,london,1325
161,male,no,21,yes,london,1640
162,male,yes,53,yes,london,2301
163,female,no,48,yes,london,2501
164,male,no,17,yes,london,1000
165,male,no,53,yes,london,1833
166,female,no,49,no,london,1667
167,male,no,34,yes,london,2167
168,female,no,25,yes,london,1221
169,female,yes,54,no,london,1000
170,male,yes,27,yes,london,2187
171,male,no,29,yes,london,2950
172,female,yes,64,no,london,1000
173,female,no,64,yes,london,1000
174,male,no,57,yes,london,3875
175,female,yes,48,yes,london,3355
176,female,no,67,no,london,1000
177,male,no,80,no,london,1000
178,male,yes,49,no,london,1000
179,female,yes,22,no,london,1000
180,male,yes,22,no,london,1000
181,female,yes,41,yes,london,4002
182,male,yes,44,yes,london,1971
183,female,yes,35,no,london,1000
184,male,no,46,yes,london,3602
185,female,no,43,no,london,1000
186,female,no,18,yes,london,1542
187,female,no,30,yes,london,2131
188,male,no,29,yes,london,3003
189,male,no,36,yes,london,4503
190,female,no,35,yes,london,2263
191,female,yes,43,yes,london,2740
192,male,no,74,no,london,1000
193,female,no,65,no,london,1299
194,male,yes,39,yes,london,2015
195,female,no,33,yes,london,1000
196,male,no,30,yes,london,1000
197,male,yes,26,yes,london,1000
198,male,yes,28,yes,london,1817
199,male,no,70,no,london,1000
200,female,no,73,no,london,1000
201,male,yes,36,yes,london,1000
202,male,no,46,no,london,1715
203,male,yes,34,yes,london,1000
204,female,yes,31,yes,london,1439
205,male,no,37,no,london,1908
206,female,no,33,yes,london,1000
207,male,yes,37,yes,london,3150
208,female,yes,26,no,london,1060
209,female,no,32,yes,london,1933
210,male,no,32,yes,london,1477
211,male,no,38,no,london,1000
212,female,no,33,yes,london,1000
213,female,yes,55,yes,london,1000
214,male,yes,36,no,london,1000
215,male,no,24,yes,london,1000
216,female,no,26,yes,london,2000
217,female,yes,31,no,london,4001
218,male,no,30,no,london,1553
219,male,no,30,yes,london,1625
220,female,no,35,yes,london,2152
221,male,no,35,yes,london,2841
222,male,yes,22,yes,london,1871
223,female,no,32,no,london,1807
224,male,no,30,yes,london,1035
225,female,yes,28,yes,london,1672
226,female,yes,26,yes,london,1000
227,male,yes,27,yes,london,1750
228,male,yes,24,yes,london,1000
229,female,no,35,yes,london,2603
230,male,no,64,yes,london,1000
231,female,no,54,yes,london,2751
232,female,yes,76,no,london,1000
233,female,no,61,no,london,1000
234,male,no,57,yes,london,2000
235,female,no,37,yes,london,2765
236,female,no,44,no,london,1000
237,male,yes,39,yes,london,2872
238,male,no,28,yes,london,2667
239,male,yes,36,yes,london,2517
240,female,yes,33,no,london,1000
241,male,no,40,yes,london,1333
242,female,no,38,yes,london,1000
243,male,no,33,yes,london,1000
244,female,no,30,yes,london,1633
245,female,no,28,yes,london,2125
246,male,no,27,yes,london,3156
247,male,yes,28,no,london,2387
248,male,no,53,yes,london,2751
249,female,yes,36,yes,london,2207
250,male,yes,35,yes,london,2837
251,female,yes,30,yes,london,1603
252,female,no,88,no,london,1000
253,male,yes,44,no,london,1000
254,female,yes,32,no,london,1123
255,male,no,29,yes,london,1721
256,female,no,22,yes,london,1000
257,male,yes,33,yes,london,1000
258,female,no,54,no,london,1040
259,male,yes,18,no,london,1607
260,male,no,32,yes,london,2506
261,female,no,32,yes,london,1644
262,female,yes,26,yes,london,1745
263,male,no,34,yes,london,2833
264,female,yes,32,yes,london,1217
265,male,yes,45,yes,london,3917
266,female,no,21,yes,london,2083
267,male,yes,45,yes,london,2062
268,female,yes,44,no,london,1410
269,female,yes,61,no,london,1010
270,male,yes,55,no,london,1000
271,female,yes,44,no,london,1000
272,male,yes,28,yes,london,2401
273,female,yes,27,yes,london,1910
274,female,no,23,yes,london,1003
275,male,no,45,yes,london,2251
276,male,no,65,no,london,1000
277,female,no,25,yes,london,1195
278,male,yes,32,yes,london,1517
279,female,yes,29,yes,london,2115
280,female,no,25,yes,london,1000
281,male,yes,41,yes,london,1000
282,female,no,32,yes,london,1000
283,male,no,31,yes,london,3167
284,female,yes,22,yes,london,2038
285,male,no,22,yes,london,2688
286,female,no,60,no,london,1429
287,male,no,30,no,london,1000
288,male,no,33,yes,london,2100
289,female,yes,63,no,london,1628
290,male,no,52,no,london,1333
291,female,no,47,no,london,1000
292,male,yes,18,no,london,1000
293,male,no,52,no,london,2467
294,male,no,26,yes,london,1668
295,male,yes,32,no,london,3760
296,female,no,29,yes,london,1000
297,male,yes,36,yes,london,2057
298,female,no,30,no,london,1000
299,female,no,25,no,london,1000
300,male,no,55,yes,london,2517
301,female,no,52,no,london,1627
302,male,no,22,yes,london,2335
303,male,no,25,no,london,1000
304,male,yes,39,no,london,1000
305,male,no,73,yes,london,1000
306,female,no,69,no,london,1000
307,male,yes,56,no,london,2192
308,female,no,47,no,london,1000
309,male,no,29,no,london,1000
310,female,no,21,yes,london,1000
311,male,no,23,yes,london,2101
312,male,no,75,no,london,1000
313,female,no,50,yes,london,1075
314,female,no,22,no,london,1000
315,male,yes,39,no,london,1000
316,female,no,34,no,london,1000
317,female,no,28,yes,london,2375
318,male,no,26,yes,london,3281
319,female,no,66,no,london,1000
320,female,no,76,no,london,1000
321,female,no,37,no,london,2101
322,male,yes,60,no,london,1000
323,female,yes,40,no,london,1173
324,male,yes,38,yes,london,2000
325,female,no,79,no,london,1000
326,male,no,82,no,london,1000
327,male,yes,18,yes,london,1650
328,female,yes,17,yes,london,1000
329,female,yes,18,yes,london,1200
330,male,no,45,no,london,1000
331,female,yes,23,yes,london,2541
332,female,yes,21,yes,london,1821
333,male,no,34,yes,london,1780
334,female,no,25,yes,london,1959
335,female,no,48,no,london,1000
336,male,yes,37,no,london,2142
337,female,no,36,yes,london,1354
338,male,no,51,no,london,1000
339,female,no,49,no,london,1428
340,male,no,63,no,london,2512
341,female,yes,60,no,london,1000
342,female,no,41,yes,london,3800
343,female,yes,25,yes,london,2501
344,male,yes,27,yes,london,1600
345,female,yes,23,yes,london,1667
346,female,yes,62,yes,london,1000
347,male,no,51,no,london,1000
348,female,yes,71,no,london,1000
349,male,no,31,no,london,2163
350,female,no,29,yes,london,1224
351,male,no,40,no,london,2550
352,female,yes,59,no,london,2101
353,male,yes,62,no,london,1000
354,male,yes,27,no,london,1000
355,male,no,47,no,london,1888
356,female,no,43,no,london,1503
357,male,no,18,yes,london,1000
358,male,no,47,yes,london,2083
359,female,no,45,yes,london,1791
360,male,no,16,yes,london,1061
361,male,no,52,yes,london,1833
362,female,no,61,no,london,1000
363,male,no,22,yes,london,1901
364,female,no,29,yes,london,2181
365,female,yes,25,no,london,1000
366,male,no,32,yes,london,2351
367,female,no,30,yes,london,2601
368,female,no,54,no,london,1000
369,female,yes,24,yes,london,1000
370,male,no,34,yes,london,2540
371,male,yes,28,yes,london,3008
372,female,yes,26,no,london,1000
373,male,no,50,no,london,1833
374,male,yes,57,no,london,2435
375,female,yes,54,no,london,2601
376,female,yes,31,no,london,1000
377,female,no,35,no,london,2216
378,female,no,27,no,london,1000
379,female,yes,23,yes,london,1000
380,male,yes,23,yes,london,1292
381,male,yes,39,no,london,2251
382,male,no,83,no,london,1000
383,female,no,77,no,london,1000
384,female,yes,28,yes,london,2501
385,female,no,27,yes,london,2208
386,female,no,58,yes,london,2151
387,male,yes,86,no,london,1000
388,female,no,37,yes,london,2301
389,male,no,26,yes,london,2167
390,female,no,26,yes,london,2318
391,female,no,25,yes,london,1933
392,female,no,24,yes,london,2021
393,female,no,24,yes,london,1630
394,male,no,62,no,london,1000
395,male,yes,72,no,london,1000
396,female,yes,36,no,london,2650
397,male,no,29,yes,london,1926
398,female,yes,32,no,london,1156
399,male,no,41,no,london,3844
400,male,no,59,no,london,2226
401,female,no,58,no,london,1835
402,female,no,59,no,london,1433
403,female,yes,45,yes,london,1801
404,male,yes,31,yes,london,3250
405,female,no,83,no,london,1000
406,female,no,24,yes,london,1500
407,male,no,23,yes,london,1867
408,female,no,23,yes,london,2185
409,male,yes,62,no,london,1833
410,female,no,59,no,london,1199
411,male,no,36,yes,london,2301
412,female,no,27,yes,london,2192
413,female,no,66,no,london,1000
414,female,no,20,yes,london,1953
415,male,,18,yes,london,1992
416,male,yes,18,yes,london,1997
417,female,no,18,yes,london,1953
418,male,no,25,yes,london,2401
419,male,no,24,yes,london,2501
420,male,no,79,yes,london,2300
421,female,no,77,yes,london,1000
422,female,no,17,yes,london,1000
423,female,no,54,yes,london,1953
424,male,no,26,yes,london,3369
425,male,no,36,yes,london,1750
426,female,no,32,yes,london,1981
427,male,no,28,yes,london,2250
428,female,no,28,yes,london,2493
429,female,no,65,no,london,1217
430,male,no,25,yes,london,2601
431,female,no,25,yes,london,2701
432,female,yes,25,yes,london,2897
433,female,yes,38,yes,london,1000
434,female,no,16,yes,london,1000
435,male,no,57,yes,london,1000
436,female,no,87,no,london,1000
437,female,no,54,yes,london,1000
438,male,no,40,yes,london,2952
439,female,no,46,yes,london,2699
440,male,yes,73,yes,london,1000
441,female,no,71,yes,london,1000
442,male,no,49,yes,london,3252
443,female,yes,28,yes,london,1951
444,male,no,46,yes,london,2471
445,female,no,47,yes,london,3250
446,female,yes,64,yes,london,1000
447,male,no,24,yes,london,2251
448,female,yes,23,yes,london,2172
449,female,no,87,no,london,1000
450,male,no,41,yes,london,2801
451,male,no,48,yes,london,5000
452,female,no,44,yes,london,3003
453,male,no,84,no,london,1000
454,female,no,74,no,london,1000
455,male,yes,52,yes,london,1000
456,female,no,50,no,london,1595
457,male,yes,67,no,london,1000
458,female,yes,58,yes,london,2084
459,female,no,34,yes,london,2201
460,male,no,51,no,london,1000
461,female,no,50,no,london,1416
462,female,no,17,yes,london,1000
463,female,no,66,no,london,1000
464,female,yes,50,yes,london,1607
465,male,yes,27,yes,london,2343
466,female,yes,24,no,london,1650
467,female,no,41,yes,london,1000
468,female,no,32,no,london,1147
469,male,no,33,no,london,1000
470,male,yes,56,yes,london,4499
471,female,no,48,yes,london,1108
472,male,no,47,no,london,1910
473,female,no,45,no,london,1468
474,female,no,60,yes,london,1983
475,male,no,80,yes,london,1000
476,female,no,47,yes,london,2208
477,male,no,39,yes,london,4023
478,female,no,78,no,london,1000
479,male,no,79,yes,london,1000
480,male,no,45,yes,london,3447
481,female,no,39,yes,london,2132
482,male,no,39,yes,london,4102
483,female,no,35,yes,london,1290
484,female,no,65,no,london,1000
485,male,no,62,yes,london,2340
486,male,no,40,yes,london,4239
487,female,no,25,yes,london,1926
488,male,yes,22,yes,london,1000
489,female,yes,22,yes,london,1000
490,female,yes,19,yes,london,1000
491,male,no,37,yes,london,2501
492,female,no,35,yes,london,3357
493,female,no,20,yes,london,1269
494,male,no,52,yes,london,3583
495,female,no,49,yes,london,1704
496,female,no,22,yes,london,1888
497,male,no,24,yes,london,2901
498,male,no,82,no,london,1000
499,female,no,65,no,london,1000
500,male,no,83,no,london,1000
501,female,no,83,no,london,1000
502,male,no,44,yes,london,2417
503,female,no,46,no,london,1000
504,male,no,30,no,london,3407
505,female,no,30,no,london,1000
506,female,no,53,yes,london,2440
507,male,no,78,no,london,1000
508,female,no,76,no,london,1000
509,male,no,65,no,london,1000
510,male,yes,28,yes,london,1750
511,female,no,55,no,london,1000
512,male,no,25,no,london,1000
513,male,no,29,yes,london,2583
514,male,no,44,yes,london,1600
515,female,no,56,yes,london,1150
516,female,no,25,no,london,1000
517,male,no,57,no,london,1986
518,female,no,49,yes,london,1771
519,female,yes,22,yes,london,1771
520,female,yes,20,yes,london,1728
521,male,no,51,yes,london,2126
522,female,no,50,no,london,1000
523,female,no,26,yes,london,1000
524,male,no,24,yes,london,3167
525,male,yes,23,yes,london,1918
526,male,yes,26,yes,london,2801
527,male,yes,51,no,london,2251
528,female,no,48,no,london,1650
529,male,yes,23,no,london,1797
530,male,no,69,yes,london,1000
531,female,no,66,no,london,1000
532,male,no,26,yes,london,2201
533,male,yes,71,yes,london,1000
534,female,no,69,yes,london,1000
535,male,no,46,yes,london,4002
536,female,no,46,no,london,2251
537,male,no,18,yes,london,1663
538,female,yes,23,no,london,1000
539,male,yes,35,yes,london,1583
540,female,no,31,yes,london,1901
541,male,no,42,yes,london,1904
542,female,no,43,yes,london,1000
543,male,no,75,no,london,1000
544,female,no,80,no,london,1000
545,male,no,50,yes,london,1000
546,female,no,49,yes,london,1000
547,male,no,17,yes,london,1000
548,female,no,48,yes,london,1661
549,female,no,42,no,london,1000
550,male,yes,44,no,london,1308
551,male,no,50,yes,london,3502
552,female,no,49,no,london,1000
553,male,yes,52,yes,london,2328
554,female,no,53,yes,london,1262
555,male,no,53,no,london,1919
556,female,no,83,no,london,1000
557,male,no,47,yes,london,2651
558,female,yes,47,no,london,1000
559,male,no,22,yes,london,1931
560,male,no,20,yes,london,1801
561,male,no,18,yes,london,1000
562,female,no,53,yes,london,1901
563,male,no,55,yes,london,1000
564,female,no,52,no,london,1000
565,female,no,22,yes,london,1000
566,male,no,20,yes,london,1145
567,male,no,27,yes,london,2140
568,male,no,52,no,london,2388
569,female,no,21,yes,london,1000
570,male,no,18,yes,london,1000
571,female,no,72,no,london,1000
572,male,no,70,yes,london,1000
573,male,no,51,no,london,1784
574,female,no,47,no,london,1400
575,female,no,54,yes,london,1191
576,male,no,19,yes,london,1423
577,female,no,59,yes,london,1567
578,female,no,19,yes,london,1139
579,female,no,74,no,london,1000
580,female,no,55,yes,london,1150
581,male,no,22,yes,london,1000
582,male,no,21,yes,london,1000
583,male,yes,19,yes,london,1199
584,female,yes,79,yes,london,1000
585,male,no,74,yes,london,1000
586,male,no,38,yes,london,3002
587,female,no,60,no,london,1000
588,male,yes,40,no,london,1701
589,male,no,42,no,london,2171
590,female,no,40,yes,london,1466
591,male,yes,18,yes,london,1942
592,male,no,16,yes,london,1150
593,male,yes,20,yes,london,1090
594,female,no,19,yes,london,1000
595,male,no,19,yes,london,1000
596,female,no,26,yes,london,1450
597,male,yes,26,yes,london,2250
598,female,no,33,yes,london,1615
599,male,yes,54,no,london,2500
600,female,no,55,no,london,1345
601,male,no,29,yes,london,2300
602,male,yes,81,no,london,1000
603,female,no,85,no,london,1000
604,male,no,43,no,london,2126
605,male,yes,43,yes,london,1000
606,male,yes,30,no,london,2334
607,female,no,29,yes,london,1000
608,male,no,40,no,london,1092
609,female,no,42,no,london,1368
610,female,yes,17,yes,london,1511
611,female,no,67,no,london,1000
612,male,no,33,yes,london,1000
613,male,yes,29,yes,london,2801
614,female,yes,28,yes,london,3256
615,female,no,26,yes,london,1000
616,female,yes,63,no,london,1000
617,female,no,38,yes,london,1862
618,male,no,36,yes,london,1979
619,male,no,83,no,london,1000
620,female,no,80,no,london,1000
621,female,no,49,yes,london,2146
622,female,yes,41,yes,london,3167
623,female,yes,67,no,london,1000
624,male,yes,39,no,london,2250
625,female,yes,35,no,london,1152
626,female,no,64,no,london,1000
627,female,no,52,yes,london,1120
628,male,no,52,yes,london,2788
629,male,no,21,yes,london,2041
630,male,yes,74,no,london,1000
631,female,yes,23,yes,london,2101
632,male,yes,43,yes,london,2251
633,female,yes,42,yes,london,1308
634,male,no,57,yes,london,2701
635,female,no,56,yes,london,2835
636,male,no,43,yes,london,1000
637,female,no,41,no,london,1209
638,male,no,16,yes,london,1090
639,male,no,44,yes,london,2623
640,male,no,77,no,london,1000
641,female,no,72,no,london,1000
642,male,yes,40,no,london,2083
643,female,yes,36,no,london,1420
644,female,no,16,yes,london,1000
645,male,no,27,yes,london,2667
646,female,no,25,yes,london,1060
647,female,yes,36,yes,london,1000
648,male,no,31,yes,london,1701
649,female,yes,42,no,london,2198
650,male,yes,39,no,london,1953
651,female,yes,33,yes,london,1178
652,female,no,25,no,london,1000
653,male,no,70,no,london,1000
654,male,yes,49,no,london,1000
655,female,no,47,yes,london,1490
656,male,no,18,no,london,2214
657,female,no,23,yes,london,2083
658,male,no,34,yes,london,2356
659,female,no,26,yes,london,2546
660,male,yes,29,yes,london,2733
661,female,no,27,yes,london,2095
662,male,yes,42,yes,london,2005
663,male,no,50,yes,london,3002
664,female,no,46,no,london,1241
665,male,no,17,yes,london,1000
666,male,no,44,no,london,2417
667,female,no,42,yes,london,1000
668,female,no,17,yes,london,1098
669,female,no,34,no,london,2228
670,male,yes,32,yes,london,3000
671,male,no,31,yes,london,2250
672,female,no,29,yes,london,1000
673,male,no,30,yes,london,3167
674,female,yes,31,yes,london,2103
675,female,yes,54,no,london,1000
676,male,no,26,no,london,1000
677,male,no,77,no,london,1000
678,female,no,77,no,london,1000
679,male,no,49,no,london,1000
680,female,yes,48,no,london,1000
681,male,yes,54,no,london,2601
682,female,no,51,no,london,1000
683,male,no,26,yes,london,1833
684,male,no,62,no,london,1000
685,female,no,62,no,london,1052
686,female,no,85,no,london,1000
687,female,yes,51,no,london,1000
688,male,yes,44,no,london,2001
689,female,yes,41,no,london,1195
690,male,no,44,no,london,2831
691,female,no,42,yes,london,1607
692,male,no,16,yes,london,1025
693,male,no,36,no,london,1000
694,female,no,31,no,london,1000
695,male,yes,73,no,london,1000
696,female,no,61,no,london,1000
697,male,yes,51,no,london,1000
698,female,yes,50,no,london,1000
699,female,no,25,no,london,1000
700,female,no,52,yes,london,1000
701,male,no,50,no,london,3167
702,male,no,22,no,london,1000
703,female,no,20,no,london,1000
704,male,no,52,yes,london,1642
705,female,no,46,no,london,1173
706,male,no,20,no,london,1000
707,male,yes,55,yes,london,1000
708,female,no,52,no,london,1000
709,female,no,19,yes,london,1069
710,male,yes,35,yes,london,2017
711,female,no,33,no,london,1221
712,female,no,66,yes,london,1000
713,male,yes,35,yes,london,2375
714,female,yes,32,yes,london,1000
715,female,no,72,no,london,1000
716,male,yes,49,no,london,2667
717,male,no,67,no,london,1000
718,female,no,70,no,london,1000
719,male,yes,41,no,london,2208
720,female,no,36,no,london,1000
721,female,yes,77,no,london,1000
722,female,no,25,no,london,1000
723,male,no,61,no,london,2000
724,female,yes,57,no,london,1139
725,female,no,57,yes,london,1763
726,male,no,27,yes,london,1867
727,male,no,23,yes,london,2001
728,male,no,34,yes,london,2001
729,female,no,32,no,london,1000
730,male,yes,33,yes,london,2040
731,female,no,31,yes,london,2000
732,male,no,31,yes,london,1000
733,female,no,82,yes,london,1000
734,male,yes,29,no,london,1000
735,female,yes,26,no,london,1000
736,female,no,47,yes,london,2322
737,male,no,46,yes,london,3102
738,male,no,16,yes,london,1000
739,female,no,44,yes,london,1446
740,male,yes,16,no,london,1000
741,female,yes,17,no,london,1000
742,female,no,67,no,london,1000
743,male,no,67,no,london,1000
744,female,no,35,yes,london,1941
745,male,no,43,yes,london,2701
746,female,no,41,yes,london,1638
747,female,yes,41,yes,london,3043
748,male,no,20,no,london,1611
749,male,yes,40,yes,london,3002
750,male,no,77,yes,london,1000
751,female,no,68,no,london,1000
752,male,yes,38,no,london,2315
753,male,no,61,no,london,2000
754,female,no,59,no,london,1347
755,male,no,38,no,london,1693
756,male,no,36,yes,london,2009
757,female,no,29,yes,london,2678
758,female,yes,38,no,london,1217
759,male,yes,35,yes,london,2551
760,female,yes,69,no,london,1000
761,male,yes,61,no,london,1773
762,male,no,34,yes,london,2750
763,female,no,28,yes,london,2264
764,female,no,46,yes,london,2771
765,male,no,43,yes,london,2917
766,male,no,45,yes,london,3809
767,female,no,46,yes,london,1400
768,male,yes,20,yes,london,1448
769,female,no,17,yes,london,1713
770,male,no,49,no,london,1750
771,female,no,45,yes,london,1430
772,female,no,20,yes,london,2343
773,female,no,71,no,london,1000
774,female,no,63,no,london,1000
775,male,no,61,yes,london,1000
776,male,no,59,yes,london,2401
777,female,no,61,no,london,1455
778,female,no,41,no,london,1851
779,male,yes,43,no,london,2387
780,male,no,18,yes,london,1412
781,male,yes,17,yes,london,1000
782,female,no,44,yes,london,2717
783,male,no,37,yes,london,5000
784,female,no,30,yes,london,1000
785,male,yes,47,no,london,2720
786,female,yes,44,no,london,1408
787,female,yes,17,yes,london,1000
788,female,no,50,yes,london,1495
789,male,no,53,yes,london,2201
790,female,yes,18,yes,london,1570
791,female,no,43,no,london,1746
792,male,no,41,yes,london,2409
793,male,no,16,no,london,1087
794,male,no,47,no,london,1000
795,female,no,44,yes,london,1156
796,male,no,22,yes,london,1855
797,female,no,17,yes,london,1059
798,male,no,78,no,london,1000
799,female,no,75,no,london,1000
800,male,yes,24,yes,london,2117
801,female,no,23,yes,london,2101
802,male,no,42,yes,london,3302
803,female,no,39,no,london,1267
804,male,no,43,yes,london,1200
805,female,no,41,yes,london,2643
806,female,no,39,yes,london,2667
807,male,no,60,no,london,1667
808,female,no,54,yes,london,1437
809,female,no,39,yes,london,1000
810,male,no,36,yes,london,3270
811,female,yes,31,yes,london,2158
812,male,yes,25,yes,london,3160
813,male,no,30,no,london,2078
814,female,yes,33,yes,london,1737
815,male,yes,62,no,london,1000
816,female,no,58,no,london,1942
817,female,yes,41,no,london,2138
818,male,no,26,yes,london,2192
819,female,no,25,yes,london,1931
820,male,no,59,no,london,1872
821,female,no,59,yes,london,1000
822,male,no,30,yes,london,2130
823,female,no,29,yes,london,1692
824,male,no,67,no,london,1000
825,female,no,66,no,london,1000
826,male,no,60,no,london,1540
827,female,no,59,no,london,1407
828,female,no,81,no,london,1000
829,female,yes,51,no,london,1823
830,male,no,67,no,london,1000
831,female,no,65,no,london,1000
832,male,no,57,no,london,1000
833,female,no,55,no,london,1390
834,female,no,74,no,london,1000
835,male,no,78,no,london,1000
836,female,no,47,no,london,1000
837,female,no,77,no,london,1000
838,female,no,74,no,london,1000
839,male,no,72,no,london,1000
840,male,no,54,no,london,1000
841,female,yes,53,yes,london,1030
842,male,no,35,yes,london,3217
843,female,no,22,yes,london,1416
844,male,no,66,yes,london,1000
845,female,no,70,no,london,1000
846,female,no,75,no,london,1000
847,male,yes,33,yes,london,3202
848,female,yes,31,yes,london,1000
849,male,yes,59,no,london,1125
850,female,no,54,no,london,1000
851,female,no,31,yes,london,3030
852,female,no,23,yes,london,2001
853,female,no,27,no,london,2006
854,male,yes,27,yes,london,2833
855,female,no,27,yes,london,3167
856,female,no,80,no,london,1000
857,male,no,31,yes,london,3370
858,male,no,69,no,london,1000
859,female,no,69,no,london,1000
860,female,no,40,no,london,1000
861,male,no,62,no,london,1000
862,female,no,55,no,london,1266
863,male,no,67,yes,london,1000
864,female,no,61,no,london,1000
865,female,yes,43,yes,london,1706
866,male,yes,19,no,london,1000
867,male,yes,62,yes,london,1000
868,female,yes,25,no,london,1000
869,female,yes,23,yes,london,1000
870,male,yes,72,yes,london,1000
871,female,yes,66,no,london,1000
872,female,yes,50,no,london,1000
873,male,yes,20,no,london,1000
874,male,yes,19,yes,london,1130
875,male,yes,34,no,london,1000
876,female,yes,26,yes,london,1000
877,male,no,64,no,london,1750
878,female,yes,59,no,london,1305
879,female,no,37,yes,london,1200
880,male,yes,48,no,london,2419
881,female,no,45,yes,london,2266
882,male,yes,20,yes,london,1000
883,female,no,18,yes,london,1000
884,female,yes,32,yes,london,1000
885,female,no,41,yes,london,1596
886,male,no,47,no,london,1000
887,female,no,43,no,london,1000
888,female,no,16,yes,london,1000
889,male,yes,77,no,london,1000
890,female,yes,49,no,london,1000
891,female,no,28,no,london,1000
892,male,yes,35,yes,london,2101
893,male,yes,34,yes,london,2301
894,male,,68,no,london,1000
895,female,no,67,no,london,1000
896,male,yes,23,yes,london,1000
897,female,no,29,yes,london,1590
898,female,no,69,no,london,1000
899,female,no,58,no,london,1975
900,male,no,55,no,london,1000
901,male,no,24,yes,london,2000
902,male,yes,52,no,london,1000
903,female,no,45,no,london,1719
904,male,yes,44,no,london,2766
905,female,no,36,yes,london,1000
906,male,no,68,no,london,1000
907,male,no,82,no,london,1000
908,female,no,76,no,london,1000
909,female,no,50,no,london,1442
910,female,no,56,yes,london,1000
911,male,no,44,no,london,1000
912,male,no,69,no,london,1000
913,female,yes,54,no,london,1170
914,female,yes,31,no,london,1000
915,female,yes,25,no,london,1000
916,male,no,32,yes,london,2001
917,female,no,32,yes,london,1000
918,female,no,42,no,london,1316
919,male,no,37,yes,london,2565
920,male,no,87,no,london,1000
921,female,yes,52,no,london,1000
922,female,no,24,yes,london,1570
923,female,no,63,no,london,1000
924,male,no,34,yes,london,2701
925,female,no,30,yes,london,1000
926,female,no,39,yes,london,3102
927,male,no,36,yes,london,1249
928,female,yes,42,no,london,3625
929,male,no,58,no,london,1000
930,female,no,59,no,london,1000
931,female,no,25,no,london,1000
932,female,no,84,no,london,1000
933,female,no,71,no,london,1000
934,male,no,30,yes,london,2001
935,female,no,25,no,london,1000
936,male,no,63,yes,london,1000
937,female,yes,62,no,london,1000
938,male,no,59,no,london,1000
939,female,no,58,no,london,1000
940,female,no,72,no,london,1000
941,female,no,27,yes,london,1801
942,female,no,77,yes,london,1000
943,female,no,74,no,london,1000
944,male,no,76,no,london,1000
945,female,no,67,yes,london,1000
946,male,no,32,yes,london,2350
947,female,yes,28,no,london,1000
948,male,yes,29,yes,london,1966
949,male,no,32,yes,london,1417
950,female,no,27,yes,london,1000
951,female,no,30,yes,london,3200
952,male,yes,32,yes,london,1000
953,male,no,32,yes,london,2601
954,female,no,29,yes,london,1000
955,female,yes,33,yes,london,1000
956,male,no,49,no,london,2109
957,female,no,51,yes,london,1325
958,female,no,24,yes,london,1806
959,female,yes,68,no,london,1000
960,male,no,43,no,london,2170
961,female,no,40,no,london,1221
962,female,yes,19,yes,london,1425
963,female,yes,25,yes,london,1832
964,female,yes,21,yes,london,1490
965,male,yes,26,yes,london,1000
966,female,no,29,no,london,1000
967,male,no,29,yes,london,2104
968,female,no,29,yes,london,1644
969,female,yes,37,no,london,1108
970,female,no,48,yes,london,3351
971,male,no,36,yes,london,2201
972,male,no,49,yes,london,3203
973,female,yes,47,no,london,1590
974,male,yes,25,yes,london,2073
975,male,no,23,yes,london,1827
976,female,no,20,yes,london,1412
977,female,yes,62,no,london,1000
978,male,no,53,no,london,2417
979,female,no,51,no,london,1173
980,female,no,20,yes,london,1755
981,male,no,33,yes,london,2901
982,female,no,30,yes,london,2008
983,male,no,78,no,london,1000
984,female,no,73,no,london,1000
985,male,no,34,yes,london,1705
986,female,yes,31,no,london,1000
987,male,yes,76,no,london,1000
988,female,no,73,no,london,1000
989,female,no,71,no,london,1000
990,female,no,25,no,london,1000
991,male,no,44,yes,london,2031
992,female,no,32,yes,london,2701
993,male,no,33,yes,london,2301
994,female,no,31,yes,london,1000
995,male,no,60,no,london,1344
996,female,no,59,yes,london,1000
997,male,no,41,yes,london,3787
998,female,no,46,yes,london,1402
999,male,no,16,yes,london,1013
1000,female,no,45,no,london,1429
1001,male,no,19,yes,london,1152
1002,female,no,29,yes,london,2101
1003,male,yes,28,yes,london,2253
1004,male,no,54,no,london,2562
1005,female,yes,51,no,london,2487
1006,male,yes,25,yes,london,2092
1007,female,no,31,yes,london,1801
1008,male,yes,48,yes,london,2975
1009,female,no,63,no,london,1000
1010,male,no,24,no,london,1000
1011,female,no,22,no,london,1000
1012,female,no,41,yes,london,1000
1013,male,yes,17,yes,london,1000
1014,male,yes,17,yes,london,1000
1015,male,no,28,yes,london,4002
1016,male,no,26,yes,london,2825
1017,female,yes,67,yes,london,1000
1018,male,yes,66,no,london,1000
1019,male,no,36,no,london,1000
1020,female,no,31,yes,london,1534
1021,female,no,77,no,london,1000
1022,male,no,52,no,london,3202
1023,female,yes,48,no,london,1100
1024,female,yes,25,no,london,1000
1025,male,yes,22,no,london,1000
1026,female,no,53,no,london,1648
1027,male,no,71,no,london,1000
1028,female,no,59,no,london,1000
1029,female,no,33,no,london,1000
1030,male,no,36,yes,london,3174
1031,female,no,28,yes,london,3141
1032,female,no,43,yes,london,2001
1033,male,yes,33,no,london,1000
1034,female,yes,23,yes,london,2105
1035,female,yes,22,no,london,1781
1036,male,no,24,yes,london,2333
1037,female,no,24,yes,london,1000
1038,male,yes,28,no,london,1000
1039,female,yes,29,yes,london,2756
1040,male,no,26,yes,london,2751
1041,female,no,26,yes,london,2601
1042,male,yes,24,no,london,1000
1043,female,yes,21,yes,london,1000
1044,male,yes,31,no,london,1000
1045,female,yes,30,no,london,1000
1046,female,yes,43,no,london,1545
1047,male,yes,39,no,london,1000
1048,female,no,26,yes,london,1000
1049,female,yes,19,no,london,1000
1050,male,yes,22,no,london,1000
1051,female,no,29,yes,london,1000
1052,male,no,39,yes,london,3167
1053,male,no,51,no,london,1250
1054,male,yes,32,no,london,1167
1055,female,no,29,no,london,1000
1056,male,yes,44,no,london,1758
1057,female,no,38,no,london,2201
1058,female,yes,39,no,london,1000
1059,male,yes,42,yes,london,1000
1060,female,yes,27,no,london,1000
1061,female,no,16,yes,london,1000
1062,female,no,41,no,london,1000
1063,male,no,67,no,london,1000
1064,female,yes,66,no,london,1000
1065,female,no,65,no,london,1000
1066,female,yes,23,yes,london,1000
1067,female,no,47,yes,london,1351
1068,female,yes,22,no,london,1000
1069,female,yes,19,no,london,1000
1070,male,yes,18,no,london,1000
1071,male,yes,52,no,london,4767
1072,female,no,47,no,london,1620
1073,female,no,72,no,london,1000
1074,male,yes,45,no,london,1000
1075,female,yes,19,no,london,1002
1076,female,no,62,no,london,1000
1077,female,no,80,no,london,1000
1078,male,no,49,yes,london,1000
1079,female,no,29,yes,london,1198
1080,male,yes,55,yes,london,1983
1081,female,yes,50,no,london,1694
1082,female,yes,24,yes,london,1851
1083,male,no,45,no,london,1183
1084,female,no,32,no,london,1000
1085,female,yes,40,no,london,1000
1086,male,yes,61,no,london,1000
1087,male,no,43,yes,london,2501
1088,female,no,40,yes,london,1650
1089,male,no,71,yes,london,1169
1090,female,no,39,yes,london,1000
1091,male,no,47,no,london,1000
1092,female,yes,40,yes,london,3383
1093,male,yes,37,no,wales,2651
1094,female,yes,30,yes,wales,2194
1095,female,no,55,no,wales,1000
1096,male,no,54,yes,wales,2667
1097,male,no,51,yes,wales,1000
1098,female,no,49,yes,wales,1000
1099,male,yes,31,yes,wales,2371
1100,female,no,28,no,wales,1479
1101,male,no,84,no,wales,1000
1102,female,no,75,no,wales,1000
1103,male,no,40,no,wales,1000
1104,female,no,52,no,wales,1901
1105,female,yes,42,yes,wales,1000
1106,male,yes,41,yes,wales,1881
1107,female,yes,37,yes,wales,1250
1108,female,yes,52,yes,wales,1981
1109,male,yes,56,no,wales,1000
1110,female,no,53,yes,wales,2487
1111,male,no,46,yes,wales,2560
1112,female,no,45,yes,wales,2542
1113,female,no,67,no,wales,1000
1114,female,no,65,no,wales,1000
1115,female,no,29,yes,wales,1901
1116,male,no,31,no,wales,1692
1117,male,no,73,no,wales,1000
1118,male,no,83,no,wales,1000
1119,female,no,50,yes,wales,2828
1120,male,no,55,yes,wales,1167
1121,female,no,55,yes,wales,1000
1122,male,no,48,no,wales,2750
1123,female,no,46,yes,wales,3020
1124,male,yes,40,yes,wales,1252
1125,female,no,37,yes,wales,1520
1126,female,no,65,no,wales,1000
1127,female,yes,41,no,wales,1693
1128,male,yes,40,no,wales,1530
1129,female,no,35,yes,wales,1000
1130,male,no,34,yes,wales,1867
1131,male,yes,68,no,wales,1000
1132,female,no,67,no,wales,1000
1133,male,no,48,yes,wales,2201
1134,female,no,48,yes,wales,2001
1135,male,no,59,no,wales,2323
1136,male,no,64,no,wales,1000
1137,female,no,62,no,wales,1000
1138,female,no,50,yes,wales,1000
1139,female,yes,63,no,wales,1000
1140,male,no,58,no,wales,1035
1141,female,yes,36,yes,wales,1069
1142,male,no,21,no,wales,1000
1143,female,no,22,yes,wales,1000
1144,male,yes,44,no,wales,1715
1145,female,no,44,yes,wales,1000
1146,female,no,16,yes,wales,1020
1147,male,yes,29,yes,wales,1040
1148,female,yes,27,no,wales,1000
1149,female,yes,60,no,wales,1409
1150,male,yes,64,no,wales,1000
1151,male,no,29,yes,wales,2000
1152,female,yes,28,yes,wales,1455
1153,female,yes,54,yes,wales,1850
1154,male,yes,39,yes,wales,1667
1155,female,yes,42,yes,wales,1325
1156,male,no,18,yes,wales,1520
1157,female,no,18,yes,wales,1533
1158,female,no,84,no,wales,1000
1159,male,no,39,yes,wales,1367
1160,female,yes,40,yes,wales,1691
1161,male,no,29,yes,wales,1771
1162,female,yes,26,no,wales,1000
1163,male,no,71,no,wales,1000
1164,female,no,70,no,wales,1000
1165,male,yes,55,no,wales,1958
1166,female,no,48,no,wales,1529
1167,female,yes,22,yes,wales,1230
1168,male,no,65,no,wales,1000
1169,female,yes,63,no,wales,1000
1170,male,no,29,yes,wales,1881
1171,female,no,31,yes,wales,2351
1172,female,no,62,no,wales,1000
1173,male,no,62,yes,wales,1574
1174,female,no,56,no,wales,1000
1175,female,no,25,yes,wales,2126
1176,female,yes,24,yes,wales,1570
1177,male,no,63,no,wales,1000
1178,male,no,37,yes,wales,2248
1179,female,yes,37,yes,wales,1580
1180,male,no,40,yes,wales,1000
1181,female,no,40,yes,wales,1504
1182,male,yes,16,yes,wales,1153
1183,female,yes,79,yes,wales,1000
1184,male,no,75,yes,wales,1000
1185,female,no,70,yes,wales,1000
1186,male,no,39,yes,wales,2096
1187,male,no,65,yes,wales,1000
1188,female,yes,64,no,wales,1000
1189,female,no,74,no,wales,1000
1190,male,no,38,yes,wales,2153
1191,male,no,69,yes,wales,1000
1192,female,yes,67,no,wales,1000
1193,male,no,27,yes,wales,2240
1194,female,no,68,yes,wales,1000
1195,male,no,39,yes,wales,2432
1196,female,no,42,no,wales,1000
1197,female,no,45,yes,wales,1753
1198,female,no,17,yes,wales,1000
1199,male,no,62,yes,wales,1833
1200,female,yes,56,yes,wales,1000
1201,female,no,48,yes,wales,2935
1202,male,no,41,yes,wales,2917
1203,male,no,51,yes,wales,3892
1204,female,no,47,no,wales,1000
1205,female,no,75,no,wales,1000
1206,male,no,74,yes,wales,1000
1207,male,no,43,yes,wales,2651
1208,female,no,43,yes,wales,1088
1209,female,no,17,yes,wales,1061
1210,male,no,30,yes,wales,2154
1211,female,no,29,yes,wales,1801
1212,male,no,73,no,wales,1000
1213,male,no,68,no,wales,1000
1214,female,no,81,yes,wales,1000
1215,male,no,58,no,wales,2408
1216,female,no,56,no,wales,2109
1217,female,no,25,yes,wales,1500
1218,male,no,24,yes,wales,2816
1219,male,yes,59,no,wales,2170
1220,female,no,54,no,wales,1000
1221,male,no,34,no,wales,2201
1222,female,no,62,no,wales,1000
1223,male,no,62,no,wales,1000
1224,male,no,57,no,wales,2018
1225,female,no,51,no,wales,1000
1226,female,no,80,no,wales,1000
1227,male,no,70,no,wales,1000
1228,female,no,67,yes,wales,1000
1229,male,no,26,yes,wales,2031
1230,female,yes,47,no,wales,1440
1231,male,yes,48,no,wales,2040
1232,female,yes,78,no,wales,1000
1233,male,no,40,no,wales,1000
1234,female,yes,29,no,wales,1173
1235,male,no,48,yes,wales,1000
1236,female,no,46,no,wales,1801
1237,female,no,60,yes,wales,1000
1238,male,yes,66,no,wales,1000
1239,female,no,55,no,wales,1139
1240,male,no,34,no,wales,1694
1241,male,no,21,yes,wales,1910
1242,male,no,79,no,wales,1000
1243,male,no,73,yes,wales,1000
1244,female,no,70,no,wales,1000
1245,male,yes,41,no,wales,1000
1246,male,no,57,no,wales,1000
1247,female,yes,35,no,wales,1108
1248,male,no,16,yes,wales,1000
1249,male,no,53,yes,wales,3003
1250,female,no,34,yes,wales,1000
1251,female,no,47,yes,wales,2001
1252,female,yes,36,yes,wales,2154
1253,female,no,47,yes,wales,2817
1254,male,yes,29,yes,wales,2301
1255,female,no,29,yes,wales,1847
1256,female,no,62,no,wales,1801
1257,male,no,32,yes,wales,1000
1258,female,no,29,yes,wales,1000
1259,female,no,29,yes,wales,3160
1260,male,no,27,yes,wales,3002
1261,female,no,24,yes,wales,1802
1262,male,yes,32,yes,wales,2294
1263,female,yes,66,no,wales,1000
1264,female,no,44,yes,wales,3220
1265,male,no,50,yes,wales,2122
1266,female,no,40,no,wales,1806
1267,male,no,19,yes,wales,1060
1268,female,yes,40,yes,wales,3583
1269,male,no,70,yes,wales,1000
1270,female,no,66,yes,wales,1077
1271,female,no,30,yes,wales,1921
1272,male,yes,28,no,wales,1991
1273,female,yes,36,yes,wales,2011
1274,male,no,31,yes,wales,2601
1275,male,no,31,yes,wales,2890
1276,female,yes,28,yes,wales,1424
1277,male,no,24,yes,wales,1520
1278,female,no,23,yes,wales,1325
1279,female,no,34,yes,wales,1000
1280,male,no,27,yes,wales,2201
1281,female,no,26,yes,wales,2023
1282,male,no,32,yes,wales,1740
1283,female,no,29,yes,wales,1861
1284,female,no,35,yes,wales,1000
1285,male,yes,46,no,wales,1000
1286,female,no,42,no,wales,1628
1287,male,yes,68,yes,wales,1000
1288,female,yes,70,no,wales,1000
1289,female,no,26,yes,wales,1000
1290,male,no,23,yes,wales,1823
1291,male,no,26,yes,wales,1867
1292,female,no,20,no,wales,1533
1293,male,yes,71,yes,wales,1000
1294,female,no,60,no,wales,1000
1295,male,no,67,no,wales,1000
1296,female,no,60,no,wales,1000
1297,male,no,32,yes,wales,1667
1298,female,no,29,yes,wales,1000
1299,male,no,67,no,wales,1000
1300,female,no,64,no,wales,1000
1301,male,no,60,no,wales,1000
1302,female,no,59,no,wales,1758
1303,male,no,82,yes,wales,1000
1304,female,no,74,no,wales,1000
1305,male,no,60,no,wales,1000
1306,female,no,62,no,wales,1000
1307,female,no,74,no,wales,1000
1308,male,no,52,yes,wales,3502
1309,female,no,50,yes,wales,2643
1310,male,no,19,yes,wales,1399
1311,male,yes,67,no,wales,1000
1312,female,yes,64,no,wales,1000
1313,female,yes,60,no,wales,1000
1314,male,yes,36,yes,wales,1215
1315,male,no,28,yes,wales,2001
1316,female,no,26,yes,wales,1998
1317,male,no,32,yes,wales,2130
1318,female,no,28,yes,wales,1117
1319,male,no,25,yes,wales,2403
1320,female,yes,20,yes,wales,1719
1321,male,no,31,yes,wales,2636
1322,female,no,32,yes,wales,1184
1323,male,no,29,yes,wales,1983
1324,female,no,29,yes,wales,1390
1325,female,no,75,no,wales,1000
1326,female,no,71,no,wales,1000
1327,female,yes,63,no,wales,1000
1328,female,no,34,yes,wales,1916
1329,female,yes,22,no,wales,1000
1330,female,no,37,no,wales,1304
1331,male,yes,43,no,wales,1000
1332,female,no,40,no,wales,1000
1333,female,no,17,yes,wales,1658
1334,male,no,30,yes,wales,2231
1335,female,no,28,no,wales,1000
1336,male,no,46,yes,wales,1000
1337,female,no,41,no,wales,2233
1338,male,no,21,yes,wales,1802
1339,male,no,20,yes,wales,1651
1340,male,no,18,yes,wales,1342
1341,female,yes,72,no,wales,1000
1342,female,yes,39,no,wales,1000
1343,male,no,36,no,wales,1732
1344,male,no,31,no,wales,1000
1345,female,yes,28,no,wales,1307
1346,male,no,58,no,wales,1997
1347,female,yes,57,yes,wales,1000
1348,female,no,50,no,wales,1000
1349,male,no,44,no,wales,2148
1350,male,no,30,yes,wales,2596
1351,female,no,29,no,wales,1000
1352,female,yes,41,no,wales,1286
1353,male,no,36,yes,wales,2148
1354,male,no,22,yes,wales,1681
1355,female,no,20,yes,wales,1460
1356,female,no,16,yes,wales,1065
1357,male,yes,30,no,wales,1693
1358,female,yes,23,no,wales,1000
1359,male,yes,37,no,wales,1581
1360,female,yes,30,yes,wales,1947
1361,male,no,40,yes,wales,2971
1362,female,no,40,no,wales,1000
1363,male,yes,58,yes,wales,2560
1364,female,yes,58,no,wales,1870
1365,female,no,21,yes,wales,1000
1366,male,no,38,yes,wales,2250
1367,female,no,41,yes,wales,2458
1368,female,yes,31,yes,wales,1310
1369,male,no,68,yes,wales,1000
1370,female,no,66,no,wales,1000
1371,male,no,36,yes,wales,1875
1372,female,yes,42,yes,wales,1000
1373,female,yes,43,yes,wales,1000
1374,female,yes,46,yes,wales,1000
1375,female,no,69,no,wales,1000
1376,female,no,60,no,wales,1751
1377,male,no,72,no,wales,1000
1378,female,no,63,no,wales,1143
1379,male,no,75,no,wales,1000
1380,female,no,75,no,wales,1000
1381,male,yes,54,no,wales,1000
1382,female,no,79,no,wales,1000
1383,male,no,44,yes,wales,1000
1384,female,no,48,yes,wales,1000
1385,female,no,19,yes,wales,1902
1386,female,no,23,yes,wales,2067
1387,male,no,25,yes,wales,1722
1388,female,yes,27,no,wales,1000
1389,female,no,46,no,wales,1583
1390,male,no,20,yes,wales,1000
1391,male,yes,26,no,wales,1000
1392,male,yes,64,no,wales,1061
1393,female,no,59,no,wales,1000
1394,male,yes,47,no,wales,1260
1395,female,yes,41,no,wales,1000
1396,female,yes,49,no,wales,1000
1397,female,no,71,no,wales,1000
1398,female,yes,50,no,wales,1000
1399,male,yes,71,no,wales,1000
1400,female,yes,71,no,wales,1000
1401,female,yes,61,no,wales,1703
1402,male,no,67,no,wales,1117
1403,female,yes,64,no,wales,1204
1404,male,no,48,no,wales,1417
1405,female,no,48,yes,wales,1700
1406,female,yes,25,yes,wales,1704
1407,male,yes,20,yes,wales,3823
1408,female,no,70,no,wales,1004
1409,female,no,43,yes,wales,3083
1410,male,no,64,no,wales,1000
1411,female,no,62,yes,wales,1000
1412,male,no,42,yes,wales,2733
1413,female,no,42,no,wales,1669
1414,female,no,18,yes,wales,1429
1415,male,yes,65,no,wales,1000
1416,female,no,60,yes,wales,1000
1417,male,yes,38,no,wales,1906
1418,female,yes,30,yes,wales,1000
1419,male,yes,55,no,wales,1195
1420,female,yes,59,no,wales,1000
1421,female,yes,45,no,wales,1000
1422,male,yes,39,no,wales,1000
1423,male,yes,29,no,wales,2688
1424,female,no,24,no,wales,1000
1425,female,yes,63,no,wales,1433
1426,male,no,31,yes,wales,1488
1427,male,yes,59,no,wales,1000
1428,male,yes,56,no,wales,1833
1429,female,no,49,no,wales,1672
1430,female,yes,28,no,wales,1000
1431,male,no,25,yes,wales,1682
1432,female,yes,24,no,wales,1000
1433,male,yes,72,no,wales,1000
1434,female,no,66,no,wales,1000
1435,male,yes,44,no,wales,1884
1436,female,yes,42,no,wales,1217
1437,male,no,20,no,wales,2083
1438,female,no,48,yes,wales,1199
1439,male,no,27,yes,wales,2333
1440,male,no,24,yes,wales,2333
1441,male,yes,42,yes,wales,1000
1442,female,yes,42,no,wales,1025
1443,male,no,43,no,wales,3414
1444,female,no,44,yes,wales,1235
1445,female,no,17,yes,wales,1000
1446,male,no,26,yes,wales,2096
1447,female,no,22,yes,wales,1696
1448,male,yes,49,yes,wales,1750
1449,female,no,48,yes,wales,1750
1450,male,no,67,no,wales,1000
1451,female,no,66,no,wales,1000
1452,male,no,71,no,wales,1000
1453,female,no,68,no,wales,1000
1454,female,yes,39,yes,wales,1108
1455,male,no,16,yes,wales,1000
1456,male,no,43,yes,wales,2351
1457,female,no,31,yes,wales,1518
1458,male,no,25,no,wales,1784
1459,female,no,22,no,wales,1000
1460,female,no,77,no,wales,1000
1461,male,yes,47,no,wales,1000
1462,male,yes,42,yes,wales,2083
1463,female,no,36,yes,wales,1000
1464,female,yes,57,no,wales,1666
1465,male,yes,27,yes,wales,1000
1466,female,yes,24,yes,wales,1641
1467,male,yes,19,no,wales,1000
1468,female,no,18,yes,wales,1000
1469,male,yes,44,yes,wales,1606
1470,female,yes,43,no,wales,1275
1471,male,yes,19,yes,wales,1365
1472,female,no,16,no,wales,1000
1473,male,yes,34,no,wales,1000
1474,female,yes,32,no,wales,1000
1475,male,no,54,no,wales,1000
1476,female,yes,44,no,wales,1000
1477,male,no,17,no,wales,1173
1478,female,yes,32,yes,wales,1000
1479,female,yes,22,yes,wales,1600
1480,female,yes,51,no,wales,1000
1481,female,no,33,yes,wales,1000
1482,female,no,68,no,wales,1000
1483,male,no,29,yes,wales,2401
1484,female,no,26,yes,wales,1186
1485,female,yes,78,no,wales,1000
1486,female,no,73,no,wales,1000
1487,female,no,78,no,wales,1000
1488,female,no,27,yes,wales,1000
1489,female,yes,56,yes,wales,1722
1490,male,yes,57,no,wales,1953
1491,male,yes,28,yes,wales,1000
1492,male,no,38,yes,wales,2250
1493,female,no,30,yes,wales,2017
1494,male,no,30,yes,wales,1000
1495,female,no,30,yes,wales,1108
1496,male,yes,38,yes,wales,2321
1497,female,no,34,yes,wales,1893
1498,female,yes,71,no,wales,1000
1499,male,no,60,no,wales,1815
1500,female,no,56,no,wales,1000
1501,male,no,37,yes,wales,2901
1502,female,no,30,yes,wales,1000
1503,female,yes,65,yes,wales,1000
1504,male,yes,61,no,wales,1000
1505,male,no,31,yes,wales,1781
1506,female,no,28,yes,wales,1000
1507,male,no,31,yes,wales,1884
1508,female,no,28,no,wales,1025
1509,male,no,40,yes,wales,1485
1510,male,no,25,no,wales,1000
1511,female,no,25,no,wales,1000
1512,male,no,59,no,wales,2000
1513,female,no,79,no,wales,1000
1514,male,no,59,no,wales,1000
1515,female,no,57,no,wales,1000
1516,female,no,70,no,wales,1000
1517,male,no,69,no,wales,1000
1518,female,no,27,yes,wales,1000
1519,male,no,23,no,wales,1050
1520,female,yes,35,no,wales,1000
1521,male,no,31,no,wales,1650
1522,male,no,17,no,wales,1000
1523,female,yes,72,no,wales,1000
1524,male,yes,61,no,wales,1681
1525,male,no,56,yes,wales,1000
1526,female,no,56,yes,wales,1000
1527,male,yes,46,yes,wales,1260
1528,female,no,44,no,wales,1594
1529,male,no,23,yes,wales,1000
1530,female,no,19,yes,wales,1524
1531,male,no,57,no,wales,1693
1532,female,no,50,no,wales,1364
1533,female,no,18,yes,wales,1199
1534,female,no,16,no,wales,1000
1535,female,yes,77,no,wales,1000
1536,male,yes,61,yes,wales,1000
1537,female,yes,57,yes,wales,1290
1538,male,yes,30,no,wales,1269
1539,female,yes,28,yes,wales,1000
1540,male,no,39,no,wales,1625
1541,female,no,39,no,wales,1000
1542,male,no,52,no,wales,1667
1543,female,yes,50,no,wales,1201
1544,male,yes,41,no,wales,1022
1545,female,yes,38,no,wales,1000
1546,male,no,16,yes,wales,1000
1547,male,yes,50,yes,wales,2000
1548,female,no,48,no,wales,1000
1549,male,no,52,yes,wales,2156
1550,female,no,50,no,wales,1000
1551,male,no,18,yes,wales,1173
1552,female,no,66,no,wales,1000
1553,female,no,46,yes,wales,2501
1554,male,yes,58,yes,wales,1000
1555,female,yes,56,no,wales,1000
1556,female,no,19,yes,wales,1507
1557,male,yes,69,no,wales,1000
1558,female,no,43,no,wales,1000
1559,male,no,41,yes,wales,2298
1560,female,no,17,yes,wales,1050
1561,male,yes,34,no,wales,1602
1562,female,no,35,no,wales,1260
1563,male,no,17,no,wales,1000
1564,male,yes,16,no,wales,1005
1565,female,no,70,no,wales,1000
1566,male,no,32,yes,wales,2001
1567,female,yes,25,no,wales,1303
1568,female,no,76,no,wales,1000
1569,male,no,46,no,wales,1344
1570,female,no,42,no,wales,1000
1571,male,no,59,no,wales,1000
1572,female,no,85,no,wales,1000
1573,female,no,70,no,wales,1000
1574,male,yes,39,yes,wales,2201
1575,female,yes,39,yes,wales,1199
1576,male,no,16,yes,wales,1022
1577,female,no,58,yes,wales,1358
1578,male,no,57,no,wales,1000
1579,female,yes,73,no,wales,1000
1580,male,no,57,yes,wales,2096
1581,female,no,54,no,wales,1046
1582,male,yes,23,yes,wales,2040
1583,female,yes,23,yes,wales,1600
1584,female,yes,70,no,wales,1000
1585,female,no,82,no,wales,1000
1586,female,no,79,no,wales,1000
1587,male,yes,30,no,wales,1867
1588,female,yes,26,yes,wales,1546
1589,female,no,49,no,wales,1542
1590,male,no,47,yes,wales,2096
1591,male,no,19,yes,wales,1339
1592,male,,26,yes,wales,1876
1593,male,yes,45,no,wales,1183
1594,female,no,69,no,wales,1000
1595,male,no,37,no,wales,1000
1596,male,no,31,yes,wales,1816
1597,male,no,56,no,wales,1000
1598,male,no,26,yes,wales,1997
1599,female,no,24,yes,wales,1232
1600,male,no,63,no,wales,2231
1601,female,no,63,yes,wales,1000
1602,male,no,81,no,wales,1000
1603,male,no,40,yes,wales,2354
1604,male,no,38,yes,wales,1988
1605,female,no,32,yes,wales,1540
1606,female,no,21,yes,wales,1728
1607,male,yes,20,yes,wales,1715
1608,female,no,56,no,wales,1000
1609,female,no,85,no,wales,1000
1610,male,no,61,no,wales,1000
1611,female,no,21,yes,wales,1464
1612,male,no,16,no,wales,1000
1613,male,,38,no,wales,2352
1614,male,no,67,yes,wales,1000
1615,female,no,59,no,wales,1000
1616,female,yes,85,no,wales,1000
1617,female,no,49,no,wales,1000
1618,male,no,34,no,wales,1858
1619,male,yes,59,no,wales,1000
1620,female,yes,56,no,wales,1000
1621,male,no,34,yes,wales,1000
1622,female,no,22,yes,wales,1520
1623,male,no,23,yes,wales,1888
1624,female,no,21,yes,wales,1000
1625,male,no,52,yes,scotland,2801
1626,female,no,52,no,scotland,1000
1627,male,no,71,no,scotland,1000
1628,female,no,47,yes,scotland,1912
1629,male,yes,61,yes,scotland,1624
1630,female,no,58,no,scotland,1485
1631,male,no,32,no,scotland,1000
1632,male,no,26,no,scotland,1000
1633,male,no,40,yes,scotland,1980
1634,female,no,43,yes,scotland,1173
1635,female,no,80,no,scotland,1000
1636,female,no,49,yes,scotland,2831
1637,female,no,70,no,scotland,1000
1638,male,yes,34,yes,scotland,1953
1639,male,yes,48,no,scotland,3003
1640,female,yes,45,yes,scotland,1000
1641,female,no,18,yes,scotland,1550
1642,male,no,49,no,scotland,2083
1643,female,no,51,yes,scotland,1625
1644,male,no,21,yes,scotland,1555
1645,male,yes,24,no,scotland,3667
1646,female,no,23,yes,scotland,1801
1647,female,no,35,yes,scotland,3618
1648,male,no,39,yes,scotland,3751
1649,male,yes,62,no,scotland,1524
1650,female,no,51,no,scotland,1641
1651,male,yes,31,no,scotland,1664
1652,female,yes,28,no,scotland,1000
1653,male,no,33,yes,scotland,1000
1654,female,yes,31,yes,scotland,1000
1655,male,no,51,no,scotland,1542
1656,female,yes,46,yes,scotland,1175
1657,male,no,66,no,scotland,1000
1658,female,no,66,no,scotland,1000
1659,female,yes,72,no,scotland,1000
1660,male,no,73,no,scotland,1000
1661,female,yes,66,yes,scotland,1000
1662,male,no,57,yes,scotland,1607
1663,male,no,74,yes,scotland,1000
1664,male,no,33,yes,scotland,1000
1665,female,no,28,yes,scotland,1881
1666,female,no,85,no,scotland,1000
1667,female,yes,53,no,scotland,1000
1668,female,no,55,no,scotland,1421
1669,male,no,49,yes,scotland,3502
1670,female,no,49,yes,scotland,2601
1671,male,yes,24,yes,scotland,2171
1672,male,no,72,no,scotland,1000
1673,male,no,33,no,scotland,1650
1674,female,no,39,no,scotland,1280
1675,female,yes,35,yes,scotland,1191
1676,male,yes,26,yes,scotland,2083
1677,female,yes,34,yes,scotland,1737
1678,female,no,68,yes,scotland,1000
1679,female,no,38,no,scotland,1479
1680,male,yes,40,yes,scotland,2601
1681,male,no,53,yes,scotland,1500
1682,female,no,54,yes,scotland,1300
1683,male,no,76,yes,scotland,1000
1684,male,no,29,yes,scotland,1000
1685,female,no,28,yes,scotland,1000
1686,female,no,68,yes,scotland,1000
1687,male,no,76,yes,scotland,1075
1688,male,no,43,yes,scotland,2801
1689,female,no,39,no,scotland,1701
1690,male,no,47,no,scotland,2016
1691,female,no,45,no,scotland,1514
1692,male,yes,60,no,scotland,1000
1693,female,yes,56,no,scotland,1000
1694,male,no,61,no,scotland,1000
1695,female,no,61,no,scotland,1000
1696,male,no,41,yes,scotland,2301
1697,female,no,38,yes,scotland,1832
1698,female,yes,72,no,scotland,1000
1699,male,yes,31,no,scotland,2634
1700,female,no,33,no,scotland,1416
1701,male,no,75,no,scotland,1000
1702,female,yes,74,no,scotland,1000
1703,female,no,44,yes,scotland,2492
1704,female,yes,24,yes,scotland,1000
1705,male,yes,32,yes,scotland,1650
1706,female,no,69,no,scotland,1000
1707,male,no,29,yes,scotland,3573
1708,female,no,22,yes,scotland,1650
1709,female,yes,22,yes,scotland,1760
1710,male,no,42,yes,scotland,1750
1711,female,no,40,no,scotland,1166
1712,male,no,46,yes,scotland,3301
1713,female,no,30,yes,scotland,1563
1714,female,no,26,yes,scotland,2193
1715,female,no,26,yes,scotland,1867
1716,female,no,22,yes,scotland,1000
1717,female,no,47,yes,scotland,2091
1718,female,yes,24,yes,scotland,1913
1719,female,no,54,no,scotland,1000
1720,male,no,28,yes,scotland,2901
1721,female,no,27,yes,scotland,1901
1722,female,no,19,yes,scotland,1000
1723,female,no,19,yes,scotland,1000
1724,female,no,18,yes,scotland,1000
1725,female,no,19,yes,scotland,1000
1726,female,no,18,yes,scotland,1000
1727,female,no,19,yes,scotland,1000
1728,male,yes,33,yes,scotland,1120
1729,male,yes,33,yes,scotland,1000
1730,male,no,26,yes,scotland,1950
1731,male,no,25,yes,scotland,1000
1732,male,no,32,yes,scotland,3152
1733,female,no,32,yes,scotland,2521
1734,female,yes,32,yes,scotland,2301
1735,male,no,22,yes,scotland,1000
1736,female,no,21,yes,scotland,1015
1737,female,no,20,yes,scotland,1000
1738,male,no,32,yes,scotland,2471
1739,female,no,30,yes,scotland,2301
1740,male,yes,27,no,scotland,1888
1741,male,no,25,yes,scotland,2101
1742,male,yes,27,yes,scotland,2121
1743,female,yes,26,yes,scotland,2101
1744,male,no,27,yes,scotland,1977
1745,female,no,25,yes,scotland,1864
1746,female,no,19,yes,scotland,1000
1747,female,no,20,yes,scotland,1020
1748,female,no,74,yes,scotland,1000
1749,female,yes,55,yes,scotland,1661
1750,male,no,31,yes,scotland,1991
1751,male,no,79,yes,scotland,1000
1752,male,yes,48,yes,scotland,2148
1753,female,yes,44,yes,scotland,2475
1754,male,no,59,yes,scotland,2120
1755,female,yes,56,yes,scotland,1000
1756,male,no,20,yes,scotland,1040
1757,male,no,32,yes,scotland,2501
1758,female,no,29,yes,scotland,1807
1759,male,yes,65,yes,scotland,1000
1760,female,yes,63,yes,scotland,1000
1761,male,no,70,yes,scotland,1000
1762,female,no,69,yes,scotland,1000
1763,male,no,62,yes,scotland,2611
1764,female,no,58,yes,scotland,1000
1765,male,yes,68,no,scotland,1000
1766,female,no,68,yes,scotland,1000
1767,male,no,58,no,scotland,2083
1768,female,no,56,no,scotland,1067
1769,male,no,21,yes,scotland,1880
1770,female,no,25,yes,scotland,1433
1771,male,no,71,no,scotland,1000
1772,female,no,70,no,scotland,1000
1773,female,no,71,no,scotland,1000
1774,male,no,41,yes,scotland,2018
1775,female,no,40,yes,scotland,1060
1776,female,no,61,no,scotland,1000
1777,female,no,79,no,scotland,1000
1778,female,no,68,no,scotland,1000
1779,male,no,41,yes,scotland,2201
1780,female,no,34,yes,scotland,1416
1781,female,no,56,no,scotland,1195
1782,male,no,59,no,scotland,2021
1783,female,yes,84,no,scotland,1000
1784,female,yes,42,no,scotland,1280
1785,female,yes,68,yes,scotland,1000
1786,female,no,28,no,scotland,1000
1787,female,yes,70,yes,scotland,1000
1788,male,no,44,yes,scotland,2495
1789,female,no,42,yes,scotland,1217
1790,female,no,18,yes,scotland,1152
1791,male,no,70,no,scotland,1000
1792,female,no,66,no,scotland,1000
1793,female,yes,58,no,scotland,1000
1794,female,yes,46,no,scotland,1000
1795,female,no,80,yes,scotland,1000
1796,male,no,58,yes,scotland,2127
1797,female,no,53,no,scotland,1315
1798,female,no,20,yes,scotland,1000
1799,female,no,29,yes,scotland,1372
1800,male,no,40,no,scotland,2667
1801,female,no,35,yes,scotland,1738
1802,male,no,19,yes,scotland,1000
1803,male,no,35,yes,scotland,2421
1804,female,no,33,yes,scotland,1458
1805,male,no,74,no,scotland,1000
1806,female,no,52,no,scotland,1000
1807,male,no,19,yes,scotland,1000
1808,female,no,71,no,scotland,1000
1809,male,no,58,yes,scotland,2752
1810,female,yes,56,yes,scotland,1991
1811,male,no,52,no,scotland,2244
1812,female,no,52,yes,scotland,2667
1813,female,no,19,yes,scotland,1340
1814,female,no,21,yes,scotland,1214
1815,female,no,26,yes,scotland,1894
1816,male,yes,26,yes,scotland,2059
1817,male,no,55,yes,scotland,3917
1818,male,no,55,yes,scotland,2000
1819,female,yes,52,yes,scotland,1583
1820,male,no,20,no,scotland,1000
1821,male,yes,60,yes,scotland,1916
1822,female,no,59,no,scotland,2031
1823,female,yes,21,yes,scotland,1160
1824,male,no,57,yes,scotland,1000
1825,female,no,56,no,scotland,1000
1826,male,no,25,yes,scotland,2083
1827,female,no,22,yes,scotland,1784
1828,male,no,28,yes,scotland,2901
1829,female,no,27,yes,scotland,2801
1830,male,no,34,yes,scotland,2690
1831,female,no,34,yes,scotland,1707
1832,male,no,30,yes,scotland,3167
1833,female,no,30,yes,scotland,1173
1834,female,no,51,no,scotland,1749
1835,male,no,24,yes,scotland,1851
1836,female,yes,23,yes,scotland,1000
1837,male,yes,18,yes,scotland,1307
1838,male,yes,51,yes,scotland,2040
1839,female,no,48,yes,scotland,2152
1840,female,yes,25,yes,scotland,1752
1841,male,yes,37,yes,scotland,2582
1842,female,no,36,yes,scotland,2168
1843,female,no,30,yes,scotland,1688
1844,male,no,27,yes,scotland,2833
1845,male,yes,66,yes,scotland,2000
1846,female,no,63,yes,scotland,1000
1847,male,yes,46,yes,scotland,2820
1848,female,no,46,yes,scotland,2826
1849,male,yes,21,yes,scotland,1801
1850,male,no,43,yes,scotland,2621
1851,female,no,39,yes,scotland,1901
1852,male,no,58,yes,scotland,1450
1853,female,no,58,yes,scotland,2079
1854,male,no,41,yes,scotland,1583
1855,female,no,42,yes,scotland,1403
1856,female,no,39,yes,scotland,3459
1857,male,no,36,yes,scotland,4500
1858,male,no,33,yes,scotland,3002
1859,female,no,35,yes,scotland,1000
1860,female,no,54,no,scotland,1921
1861,female,yes,61,yes,scotland,1000
1862,male,no,56,yes,scotland,2340
1863,female,no,35,yes,scotland,1000
1864,male,no,27,yes,scotland,1000
1865,female,no,25,yes,scotland,1881
1866,male,no,24,yes,scotland,1000
1867,male,no,50,yes,scotland,2489
1868,female,no,63,yes,scotland,1190
1869,female,no,29,yes,scotland,2427
1870,female,no,61,yes,scotland,2467
1871,male,no,64,yes,scotland,1542
1872,female,no,78,yes,scotland,1000
1873,female,yes,40,yes,scotland,1450
1874,female,no,19,yes,scotland,1647
1875,female,no,19,yes,scotland,1142
1876,male,no,34,yes,scotland,2501
1877,female,no,46,yes,scotland,3560
1878,male,no,22,yes,scotland,1000
1879,male,yes,36,no,scotland,1000
1880,female,yes,33,yes,scotland,1000
1881,male,yes,32,yes,scotland,2473
1882,female,yes,23,yes,scotland,1000
1883,female,no,26,yes,scotland,1000
1884,female,no,24,yes,scotland,1373
1885,male,no,31,yes,scotland,3583
1886,female,yes,27,yes,scotland,2490
1887,female,no,23,yes,scotland,1167
1888,female,yes,21,yes,scotland,1000
1889,male,no,73,yes,scotland,1000
1890,female,no,73,yes,scotland,1000
1891,male,no,23,yes,scotland,1000
1892,male,no,23,yes,scotland,2083
1893,male,no,30,yes,scotland,2751
1894,female,yes,28,yes,scotland,1910
1895,female,no,25,no,scotland,1000
1896,male,no,46,yes,scotland,3177
1897,female,no,43,yes,scotland,1000
1898,male,no,54,no,scotland,1000
1899,female,yes,53,yes,scotland,1563
1900,male,no,50,no,scotland,2902
1901,female,yes,46,no,scotland,1446
1902,female,no,22,no,scotland,1000
1903,female,no,79,yes,scotland,1000
1904,female,yes,58,no,scotland,1000
1905,male,yes,25,yes,scotland,1000
1906,male,yes,39,no,scotland,1709
1907,female,yes,38,no,scotland,1000
1908,female,yes,21,yes,scotland,1607
1909,male,no,31,yes,scotland,2401
1910,female,no,29,yes,scotland,1000
1911,male,yes,48,no,scotland,1000
1912,male,yes,55,no,scotland,1000
1913,female,no,54,no,scotland,1000
1914,female,yes,30,no,scotland,1611
1915,male,yes,30,yes,scotland,1784
1916,male,yes,20,no,scotland,1000
1917,female,no,19,yes,scotland,1000
1918,male,no,32,yes,scotland,1901
1919,female,no,26,yes,scotland,2201
1920,female,no,72,yes,scotland,1000
1921,female,yes,38,yes,scotland,2144
1922,male,no,39,yes,scotland,2061
1923,female,no,37,yes,scotland,1686
1924,male,yes,43,yes,scotland,1000
1925,female,yes,40,no,scotland,1000
1926,male,no,20,yes,scotland,1810
1927,female,no,37,yes,scotland,2201
1928,male,yes,61,no,scotland,1000
1929,female,no,64,yes,scotland,1000
1930,female,no,56,yes,scotland,1147
1931,male,no,71,no,scotland,1000
1932,female,no,73,yes,scotland,1000
1933,female,no,47,no,scotland,1000
1934,male,no,35,no,scotland,1580
1935,male,no,24,no,scotland,1776
1936,female,no,23,yes,scotland,1052
1937,male,no,48,yes,scotland,1367
1938,female,yes,39,yes,scotland,1822
1939,male,no,62,no,scotland,1000
1940,female,no,64,no,scotland,1000
1941,female,no,82,no,scotland,1000
1942,male,yes,48,no,scotland,2117
1943,female,yes,43,no,scotland,1000
1944,male,no,20,yes,scotland,1667
1945,female,no,18,no,scotland,1520
1946,male,no,17,no,scotland,1000
1947,male,yes,26,yes,scotland,1000
1948,female,no,30,yes,scotland,1000
1949,male,no,65,no,scotland,1000
1950,female,no,63,no,scotland,1000
1951,male,no,40,yes,scotland,1650
1952,female,no,38,no,scotland,1667
1953,male,no,16,yes,scotland,1000
1954,female,no,80,no,scotland,1000
1955,male,no,66,no,scotland,1000
1956,female,no,60,yes,scotland,1000
1957,male,no,28,no,scotland,1000
1958,female,no,82,yes,scotland,1000
1959,female,no,27,yes,scotland,2201
1960,male,no,34,no,scotland,1000
1961,female,yes,48,yes,scotland,1000
1962,female,no,67,yes,scotland,1000
1963,male,no,39,no,scotland,1098
1964,female,no,33,no,scotland,1000
1965,male,no,62,no,scotland,1823
1966,female,no,57,no,scotland,1000
1967,female,yes,40,yes,scotland,1000
1968,male,yes,34,no,scotland,1000
1969,female,no,28,yes,scotland,1000
1970,female,no,71,no,scotland,1000
1971,male,yes,34,no,scotland,1000
1972,female,yes,32,yes,scotland,1000
1973,female,no,79,no,scotland,1000
1974,female,yes,20,yes,scotland,1000
1975,male,no,52,no,scotland,2023
1976,female,no,50,no,scotland,1060
1977,female,yes,39,yes,scotland,1624
1978,male,no,45,no,scotland,1884
1979,female,no,41,no,scotland,1563
1980,female,yes,42,yes,scotland,1607
1981,female,yes,18,no,scotland,1532
1982,female,yes,67,no,scotland,1000
1983,female,no,35,no,scotland,1780
1984,male,yes,65,no,scotland,1000
1985,male,no,61,no,scotland,1715
1986,female,no,67,no,scotland,1000
1987,female,yes,41,no,scotland,1550
1988,male,yes,32,yes,scotland,1000
1989,female,no,30,no,scotland,1000
1990,male,no,69,no,scotland,1000
1991,female,yes,64,no,scotland,1000
1992,male,no,65,no,scotland,1195
1993,female,no,65,no,scotland,1000
1994,male,no,41,yes,scotland,1559
1995,female,no,33,yes,scotland,1889
1996,male,no,46,yes,scotland,1000
1997,female,no,47,yes,scotland,1545
1998,female,no,16,yes,scotland,1000
1999,male,no,28,yes,scotland,1765
2000,female,no,26,yes,scotland,2161
2001,male,no,83,yes,scotland,1000
2002,male,no,54,no,scotland,2001
2003,female,yes,40,yes,scotland,1529
2004,female,no,17,yes,scotland,1121
2005,female,no,70,no,scotland,1000
2006,male,no,37,yes,scotland,2756
2007,female,no,36,no,scotland,1065
2008,female,no,53,no,scotland,1091
2009,female,no,75,no,scotland,1000
2010,male,yes,50,no,scotland,1638
2011,female,yes,48,no,scotland,1332
2012,male,no,20,yes,scotland,1907
2013,male,no,46,no,scotland,1867
2014,female,no,44,yes,scotland,1563
2015,male,no,47,no,scotland,2179
2016,female,no,42,no,scotland,1065
2017,male,yes,21,no,scotland,1583
2018,male,yes,76,yes,scotland,1000
2019,female,no,78,no,scotland,1000
2020,male,no,62,yes,scotland,1000
2021,female,no,62,no,scotland,1000
2022,female,no,46,yes,scotland,2340
2023,male,no,43,no,scotland,2950
2024,male,no,62,yes,scotland,1000
2025,female,no,54,yes,scotland,1000
2026,male,yes,40,yes,scotland,3002
2027,female,yes,37,no,scotland,1269
2028,male,no,16,yes,scotland,1156
2029,female,yes,53,no,scotland,1822
2030,male,yes,54,yes,scotland,1000
2031,female,no,34,yes,scotland,2601
2032,female,yes,44,no,scotland,1217
2033,male,no,44,no,scotland,1791
2034,female,no,77,no,scotland,1000
2035,female,no,21,yes,scotland,1000
2036,male,no,56,yes,scotland,1651
2037,female,no,54,no,scotland,1433
2038,male,no,42,no,scotland,1837
2039,female,no,35,no,scotland,1401
2040,male,yes,46,no,scotland,1000
2041,female,yes,38,no,scotland,1332
2042,male,yes,16,yes,scotland,1000
2043,female,no,26,yes,scotland,1731
2044,male,no,20,yes,scotland,1000
2045,female,yes,35,yes,scotland,1000
2046,male,no,54,yes,scotland,1000
2047,female,no,53,yes,scotland,1186
2048,male,no,37,yes,scotland,3345
2049,female,no,35,yes,scotland,1000
2050,male,no,33,yes,scotland,1836
2051,female,yes,33,yes,scotland,1509
2052,female,yes,27,yes,scotland,1000
2053,male,yes,42,yes,scotland,3809
2054,female,no,39,yes,scotland,1000
2055,male,no,38,no,scotland,2267
2056,female,no,35,yes,scotland,1347
2057,female,no,28,yes,scotland,2175
2058,male,no,27,yes,scotland,3002
2059,male,no,26,yes,scotland,1881
2060,female,no,24,yes,scotland,1994
2061,male,no,59,no,scotland,1000
2062,male,no,69,yes,scotland,1000
2063,female,no,68,yes,scotland,1000
2064,male,yes,69,no,scotland,1000
2065,male,no,75,no,scotland,1000
2066,female,yes,67,no,scotland,1000
2067,male,yes,26,yes,scotland,1780
2068,male,yes,63,no,scotland,1000
2069,female,yes,62,no,scotland,1000
2070,male,yes,24,no,scotland,1000
2071,male,no,54,no,scotland,1000
2072,female,no,55,no,scotland,1000
2073,male,no,29,no,scotland,1000
2074,male,no,66,no,scotland,1000
2075,female,no,64,yes,scotland,1141
2076,female,yes,22,yes,scotland,1000
2077,male,yes,21,yes,scotland,1000
2078,female,no,39,yes,scotland,1831
2079,male,no,23,yes,scotland,1607
2080,female,no,21,yes,scotland,1734
2081,female,no,26,yes,scotland,1713
2082,female,no,25,yes,scotland,2201
2083,male,no,21,yes,scotland,2776
2084,male,no,39,yes,scotland,3002
2085,female,no,35,yes,scotland,1379
2086,female,yes,49,no,scotland,1195
2087,female,yes,72,no,scotland,1000
2088,female,no,30,yes,scotland,1065
2089,female,no,27,no,scotland,1121
2090,male,yes,55,no,scotland,1901
2091,female,no,55,yes,scotland,1000
2092,male,yes,40,no,scotland,1997
2093,female,yes,38,no,scotland,1268
2094,female,no,60,no,scotland,1000
2095,female,no,65,yes,scotland,1000
2096,female,no,59,no,scotland,1334
2097,female,no,25,yes,scotland,2142
2098,female,no,86,yes,scotland,1000
2099,female,no,67,no,scotland,1000
2100,male,no,31,no,scotland,1550
2101,female,no,24,no,scotland,1000
2102,female,no,23,yes,scotland,2201
2103,male,no,27,yes,scotland,1926
2104,female,no,27,yes,scotland,1959
2105,female,yes,68,no,scotland,1000
2106,female,no,35,yes,scotland,3252
2107,male,yes,24,yes,scotland,2460
2108,male,yes,31,yes,scotland,2001
2109,female,yes,27,yes,scotland,1831
2110,female,yes,35,yes,scotland,1070
2111,female,no,32,yes,scotland,2784
2112,female,no,39,yes,scotland,1750
2113,male,no,31,yes,scotland,2401
2114,female,no,28,yes,scotland,2117
2115,male,no,65,no,scotland,1000
2116,female,no,59,no,scotland,1303
2117,female,yes,56,no,scotland,1000
2118,female,yes,31,yes,scotland,2343
2119,male,yes,28,no,scotland,2667
2120,male,no,33,yes,scotland,2638
2121,female,no,71,no,scotland,1000
2122,female,no,19,yes,scotland,1620
2123,male,no,33,yes,scotland,2101
2124,male,yes,37,no,scotland,1000
2125,female,yes,35,yes,scotland,1662
2126,female,no,44,no,scotland,1000
2127,female,no,76,no,scotland,1000
2128,female,no,29,yes,scotland,1941
2129,male,no,26,yes,scotland,2501
2130,female,yes,81,no,scotland,1000
2131,female,no,25,yes,scotland,2101
2132,male,no,24,yes,scotland,2151
2133,female,no,84,no,scotland,1000
2134,male,no,38,no,scotland,2501
2135,female,yes,36,yes,scotland,1325
2136,male,no,58,yes,scotland,2583
2137,female,no,58,yes,scotland,1000
2138,male,no,20,yes,scotland,1000
2139,male,yes,29,yes,scotland,2331
2140,female,no,31,yes,scotland,1303
2141,male,no,43,yes,scotland,1997
2142,female,no,41,no,scotland,1390
2143,male,no,26,no,scotland,2127
2144,female,no,24,yes,scotland,1477
2145,male,no,28,yes,scotland,2031
2146,female,no,25,yes,scotland,1681
2147,female,yes,25,yes,scotland,1000
2148,female,yes,70,no,scotland,1000
2149,male,no,31,yes,scotland,1867
2150,female,no,26,yes,scotland,1806
2151,male,yes,76,no,scotland,1000
2152,male,no,44,yes,scotland,2040
2153,female,no,41,yes,scotland,1904
2154,female,no,16,yes,scotland,1022
2155,male,yes,66,no,scotland,1000
2156,female,no,59,no,scotland,1000
2157,male,yes,51,no,scotland,1000
2158,female,no,39,no,scotland,1000
2159,male,no,19,no,scotland,1000
2160,female,no,17,no,scotland,1152
2161,male,no,70,no,scotland,1000
2162,female,yes,69,no,scotland,1000
2163,female,no,31,yes,scotland,1985
2164,female,yes,27,yes,scotland,2201
2165,female,no,57,no,scotland,1000
2166,male,no,57,no,scotland,1814
2167,female,yes,57,no,scotland,1364
2168,male,yes,70,no,scotland,1000
2169,female,no,69,no,scotland,1000
2170,male,no,63,no,scotland,2167
2171,female,yes,54,no,scotland,1000
2172,female,yes,61,no,scotland,1312
2173,male,no,38,no,scotland,1975
2174,female,no,34,no,scotland,1156
2175,male,no,31,yes,scotland,2001
2176,female,no,25,yes,scotland,1000
2177,male,yes,48,no,scotland,1867
2178,female,yes,45,no,scotland,1154
2179,male,no,19,yes,scotland,1881
2180,female,yes,17,yes,scotland,1152
2181,female,no,71,no,scotland,1000
2182,male,no,74,no,scotland,1000
2183,male,no,51,no,scotland,1000
2184,female,yes,48,yes,scotland,1000
2185,male,no,48,yes,scotland,1940
2186,female,yes,44,no,scotland,1400
2187,male,no,21,yes,scotland,1823
2188,female,yes,48,no,scotland,1286
2189,female,yes,24,no,scotland,1000
2190,female,yes,29,no,scotland,1000
2191,female,yes,16,no,scotland,1000
2192,male,yes,54,no,scotland,2978
2193,female,no,60,yes,scotland,1000
2194,male,no,44,yes,scotland,3033
2195,female,no,45,yes,scotland,2608
2196,male,no,17,yes,scotland,1076
2197,male,yes,63,no,scotland,1000
2198,female,yes,62,no,scotland,1000
2199,male,yes,27,no,scotland,1000
2200,female,no,23,yes,scotland,1000
2201,male,yes,29,yes,scotland,2201
2202,female,yes,33,yes,scotland,1165
2203,female,no,33,yes,scotland,1600
2204,male,no,26,no,scotland,4445
2205,female,no,80,no,scotland,1000
2206,male,no,59,no,scotland,4204
2207,female,no,53,no,scotland,1000
2208,male,yes,42,yes,scotland,1922
2209,male,no,37,yes,scotland,2301
2210,female,no,25,yes,scotland,1000
2211,male,no,32,yes,scotland,2386
2212,female,no,34,yes,scotland,1000
2213,male,yes,36,no,scotland,2081
2214,female,yes,36,no,scotland,1186
2215,female,no,81,no,scotland,1000
2216,female,no,79,no,scotland,1000
2217,male,no,70,no,scotland,1000
2218,male,no,39,yes,scotland,1888
2219,male,yes,25,yes,scotland,2161
2220,male,yes,38,no,scotland,1000
2221,female,yes,33,yes,scotland,1000
2222,female,no,56,yes,scotland,1000
2223,female,no,79,no,scotland,1000
2224,female,no,76,yes,scotland,1000
2225,male,no,66,yes,scotland,1000
2226,male,yes,34,yes,scotland,1292
2227,female,yes,34,yes,scotland,1451
2228,male,no,69,yes,scotland,1000
2229,female,no,68,yes,scotland,1000
2230,male,no,37,no,scotland,1000
2231,male,no,54,yes,scotland,2401
2232,female,yes,47,yes,scotland,1191
2233,female,no,23,yes,scotland,1559
2234,female,no,22,yes,scotland,1607
2235,male,yes,85,no,scotland,1000
2236,female,yes,61,no,scotland,1000
2237,male,yes,36,no,scotland,1000
2238,female,yes,30,yes,scotland,1400
2239,female,yes,23,no,scotland,1000
2240,male,yes,73,no,scotland,1000
2241,female,yes,60,no,scotland,1000
2242,female,yes,70,no,scotland,1000
2243,female,no,40,yes,scotland,1100
2244,male,,16,yes,scotland,1160
2245,male,yes,39,yes,scotland,3383
2246,female,no,78,yes,scotland,1000
2247,female,no,37,yes,scotland,1000
2248,male,yes,16,yes,scotland,1667
2249,male,no,58,yes,scotland,2216
2250,female,no,55,no,scotland,2531
2251,female,no,70,no,scotland,1000
2252,female,no,68,no,scotland,1000
2253,female,yes,66,yes,scotland,1000
2254,male,no,68,no,scotland,1000
2255,female,no,65,no,scotland,1000
2256,male,no,30,yes,scotland,2300
2257,female,no,30,yes,scotland,1221
2258,male,no,40,yes,scotland,2000
2259,female,no,39,yes,scotland,1867
2260,male,yes,18,no,scotland,1780
2261,male,yes,30,yes,scotland,1867
2262,female,yes,31,yes,scotland,1217
2263,female,yes,36,no,scotland,1000
2264,male,yes,37,no,scotland,1000
2265,female,yes,30,no,scotland,1000
2266,male,no,45,yes,scotland,3085
2267,female,no,39,yes,scotland,2649
2268,male,yes,65,no,scotland,1000
2269,male,no,54,yes,scotland,1000
2270,female,no,49,yes,scotland,1000
2271,male,no,20,yes,scotland,1750
2272,male,no,18,yes,scotland,1403
2273,female,yes,18,yes,scotland,1652
2274,female,yes,66,yes,scotland,1000
2275,male,no,44,yes,scotland,1867
2276,female,yes,43,yes,scotland,1000
2277,female,yes,21,yes,scotland,1455
2278,male,yes,35,no,scotland,1000
2279,female,no,33,yes,scotland,1425
2280,male,yes,62,yes,scotland,1953
2281,female,no,59,no,scotland,1316
2282,male,no,33,yes,scotland,2083
2283,female,yes,29,yes,scotland,1737
2284,female,yes,21,yes,scotland,1000
2285,male,yes,47,yes,scotland,2543
2286,male,yes,86,no,scotland,1000
2287,male,no,55,no,scotland,1000
2288,female,yes,43,no,scotland,1000
2289,female,yes,68,yes,scotland,1000
2290,female,no,48,yes,scotland,1000
2291,female,no,71,yes,scotland,1000
2292,male,no,25,yes,scotland,1802
2293,female,no,24,yes,scotland,1667
2294,male,no,30,yes,scotland,1000
2295,male,no,21,yes,scotland,1000
2296,male,no,21,yes,scotland,1000
2297,male,no,35,no,scotland,2750
2298,female,no,35,yes,scotland,1208
2299,male,yes,73,no,scotland,1000
2300,female,no,67,no,scotland,1000
2301,male,no,66,no,scotland,1000
2302,female,yes,29,no,scotland,1208
2303,female,yes,72,no,scotland,1000
2304,female,no,34,yes,scotland,2401
2305,male,no,31,yes,scotland,2356
2306,male,yes,71,no,scotland,1000
2307,male,no,74,yes,scotland,1000
2308,female,no,50,no,scotland,1000
2309,male,no,76,no,scotland,1000
2310,male,yes,71,no,scotland,1000
2311,male,no,67,no,scotland,1000
2312,female,no,25,no,scotland,1000
2313,female,no,27,yes,scotland,2001
2314,male,yes,24,yes,scotland,2625
2315,male,no,35,yes,scotland,1000
2316,male,no,30,yes,scotland,2300
2317,female,no,80,no,scotland,1000
2318,male,no,27,yes,scotland,2213
2319,female,yes,27,yes,scotland,2079
2320,male,yes,43,no,scotland,1701
2321,female,no,30,yes,scotland,1794
2322,female,no,70,no,scotland,1000
2323,male,no,48,yes,scotland,1737
2324,female,no,44,yes,scotland,1400
2325,female,yes,60,no,scotland,1000
2326,female,no,82,no,scotland,1000
2327,male,yes,66,no,scotland,1000
2328,male,yes,77,yes,scotland,1000
2329,female,yes,72,no,scotland,1000
2330,male,yes,70,no,scotland,1000
2331,male,yes,51,no,scotland,1000
2332,female,no,76,yes,scotland,1000
2333,male,no,32,yes,scotland,1970
2334,female,yes,26,yes,scotland,1701
2335,male,yes,51,yes,scotland,1000
2336,female,yes,41,yes,scotland,2364
2337,male,yes,23,yes,scotland,1152
2338,female,no,16,yes,scotland,1035
2339,female,no,73,yes,scotland,1000
2340,female,no,81,yes,scotland,1000
2341,female,no,37,yes,scotland,1796
2342,male,no,37,yes,scotland,2091
2343,male,no,29,yes,scotland,1000
2344,female,yes,66,no,scotland,1000
2345,female,no,40,yes,scotland,1104
2346,male,yes,43,no,scotland,1540
2347,male,no,20,yes,scotland,1000
2348,male,no,30,yes,scotland,2001
2349,female,no,28,yes,scotland,1269
2350,male,no,29,yes,scotland,1000
2351,male,yes,33,yes,scotland,2272
2352,male,yes,24,yes,scotland,2401
2353,female,yes,27,yes,scotland,2201
2354,female,no,46,no,scotland,1721
2355,male,yes,33,yes,scotland,1606
2356,female,yes,40,no,scotland,1000
2357,female,yes,16,yes,scotland,1000
2358,male,no,34,yes,scotland,1823
2359,female,yes,41,no,scotland,1576
2360,female,no,30,yes,scotland,1910
2361,female,yes,28,yes,scotland,1208
2362,male,no,28,yes,scotland,2300
2363,female,no,23,yes,scotland,1624
2364,male,no,23,yes,scotland,1576
2365,male,yes,24,yes,scotland,1953
2366,female,no,25,yes,scotland,1463
2367,male,no,21,yes,scotland,1000
2368,male,yes,21,yes,scotland,1000
2369,female,yes,20,yes,scotland,1147
2370,male,yes,52,yes,scotland,1000
2371,female,no,73,no,scotland,1000
2372,female,yes,64,yes,scotland,1000
2373,female,no,60,yes,scotland,1000
2374,female,no,29,yes,scotland,1000
2375,male,no,24,yes,scotland,1000
2376,male,yes,24,yes,scotland,2300
2377,female,yes,23,yes,scotland,1000
2378,female,no,19,yes,scotland,1477
2379,male,yes,28,yes,scotland,1000
2380,male,no,36,yes,scotland,2501
2381,male,yes,24,no,scotland,1542
2382,female,yes,20,no,scotland,1000
2383,male,yes,29,yes,scotland,1607
2384,female,no,28,no,scotland,1563
2385,male,no,42,yes,scotland,2181
2386,female,yes,40,yes,scotland,1173
2387,male,no,16,yes,scotland,1000
2388,male,yes,39,yes,scotland,2131
2389,female,yes,35,yes,scotland,1311
2390,female,yes,38,yes,scotland,1790
2391,male,yes,37,yes,scotland,1884
2392,female,no,18,yes,scotland,1413
2393,female,yes,43,yes,scotland,1360
2394,female,no,18,yes,scotland,1303
2395,female,no,26,yes,scotland,1659
2396,male,no,24,yes,scotland,2270
2397,female,yes,28,yes,scotland,1806
2398,female,yes,41,no,scotland,1000
2399,male,no,21,yes,scotland,1719
2400,male,no,19,yes,scotland,1390
2401,male,yes,41,yes,scotland,2300
2402,male,yes,61,no,scotland,1000
2403,female,yes,71,no,scotland,1000
2404,male,yes,71,yes,scotland,1000
2405,male,no,47,yes,scotland,3333
2406,male,yes,78,no,scotland,1000
2407,male,no,25,no,scotland,2038
2408,female,no,24,yes,scotland,1524
2409,female,yes,29,no,scotland,1477
2410,male,yes,27,yes,scotland,2871
2411,female,no,47,yes,scotland,2122
2412,male,no,33,yes,scotland,2150
2413,female,no,30,yes,scotland,1758
2414,male,yes,43,yes,scotland,2675
2415,female,yes,42,yes,scotland,1451
2416,female,yes,16,yes,scotland,1160
2417,female,no,47,yes,scotland,1000
2418,male,,25,no,scotland,1000
2419,female,no,65,yes,scotland,1000
2420,female,yes,20,yes,scotland,1000
2421,male,no,21,no,scotland,1000
2422,male,no,25,no,scotland,1000
2423,female,no,81,no,scotland,1000
2424,male,yes,49,yes,scotland,2768
2425,female,yes,48,yes,scotland,1316
2426,female,no,16,yes,scotland,1061
2427,female,yes,49,yes,scotland,1000
2428,female,yes,49,no,scotland,1000
2429,female,no,83,no,scotland,1000
2430,male,yes,40,yes,scotland,1984
2431,female,yes,40,yes,scotland,1828
2432,male,yes,18,yes,scotland,1377
2433,female,no,70,no,scotland,1000
2434,male,yes,34,yes,scotland,1000
2435,female,no,29,no,scotland,1400
2436,female,yes,26,no,scotland,1282
2437,female,yes,26,no,scotland,1000
2438,female,no,86,no,scotland,1000
2439,female,yes,44,no,scotland,1412
2440,female,yes,40,yes,scotland,1347
2441,female,no,16,no,scotland,1000
2442,female,yes,34,yes,scotland,1303
2443,female,no,20,yes,scotland,1043
2444,female,yes,39,yes,scotland,1520
2445,female,no,16,yes,scotland,1104
2446,male,yes,56,yes,scotland,1000
2447,female,no,47,no,scotland,1000
2448,female,yes,24,yes,scotland,1000
2449,male,yes,21,no,scotland,1000
2450,female,yes,24,no,scotland,1270
2451,male,no,31,yes,scotland,1793
2452,male,no,60,no,scotland,1606
2453,female,no,50,no,scotland,1260
2454,female,no,16,no,scotland,1000
2455,male,no,32,yes,scotland,2299
2456,female,no,30,yes,scotland,2301
2457,female,yes,25,no,scotland,1000
2458,female,no,86,no,scotland,1000
2459,male,yes,52,yes,scotland,1000
2460,female,yes,38,no,scotland,1000
2461,male,no,36,yes,scotland,1716
2462,female,no,31,yes,scotland,1000
2463,male,yes,43,yes,scotland,1500
2464,female,yes,40,yes,scotland,1500
2465,male,no,29,yes,scotland,1458
2466,female,yes,25,yes,scotland,1780
2467,male,no,42,yes,scotland,2720
2468,female,no,36,yes,scotland,1390
2469,female,no,37,no,scotland,1000
2470,female,no,28,yes,scotland,1000
2471,female,no,25,yes,scotland,1490
2472,female,no,29,no,scotland,1000
2473,male,no,27,yes,scotland,6000
2474,female,no,26,yes,scotland,2090
2475,female,yes,36,no,scotland,1319
2476,male,yes,35,yes,scotland,2083
2477,male,no,71,no,scotland,1000
2478,female,no,68,no,scotland,1000
2479,male,no,48,no,scotland,1000
2480,female,no,48,yes,scotland,1651
2481,female,no,20,no,scotland,1000
2482,male,no,22,no,scotland,1000
2483,male,yes,57,no,scotland,1224
2484,female,yes,56,yes,scotland,2101
2485,male,no,52,no,scotland,1910
2486,female,no,40,no,scotland,1988
2487,female,no,18,yes,scotland,1134
2488,female,no,30,no,scotland,1000
2489,female,no,41,no,scotland,1000
2490,female,no,65,no,scotland,1000
2491,female,no,37,yes,scotland,2318
2492,male,yes,46,no,scotland,1917
2493,female,no,45,no,scotland,1651
2494,male,no,22,yes,scotland,1000
2495,female,no,25,yes,scotland,1000
2496,male,no,35,yes,scotland,3250
2497,male,yes,37,no,scotland,1000
2498,female,yes,35,no,scotland,1000
2499,male,no,72,no,scotland,1000
2500,male,no,29,yes,scotland,1563
2501,female,no,65,no,scotland,1000
2502,male,yes,71,no,scotland,1173
2503,female,yes,67,no,scotland,1000
2504,female,yes,52,no,scotland,1000
2505,male,yes,57,no,scotland,1953
2506,female,yes,54,no,scotland,2085
2507,female,no,22,yes,scotland,1632
2508,female,no,22,yes,scotland,1954
2509,female,yes,20,yes,scotland,1429
2510,male,no,83,no,scotland,1000
2511,female,no,75,no,scotland,1000
2512,female,yes,64,no,scotland,1000
2513,male,no,28,yes,scotland,2538
2514,female,no,25,yes,scotland,1771
2515,female,yes,76,no,scotland,1000
2516,male,no,57,yes,scotland,1801
2517,female,no,57,yes,scotland,2251
2518,male,no,64,no,scotland,2300
2519,female,no,64,no,scotland,1000
2520,male,no,35,no,scotland,2161
2521,female,yes,35,no,scotland,1841
2522,female,no,52,no,scotland,1407
2523,male,no,50,yes,scotland,1292
2524,male,no,25,yes,scotland,1897
2525,male,yes,66,yes,scotland,1000
2526,female,no,60,no,scotland,1148
2527,female,no,33,yes,scotland,1720
2528,female,no,44,yes,scotland,1000
2529,male,no,18,yes,scotland,1603
2530,male,yes,47,no,scotland,2063
2531,female,no,45,yes,scotland,1964
2532,male,yes,27,yes,scotland,2201
2533,female,yes,25,yes,scotland,1300
2534,female,no,52,no,scotland,1042
2535,male,yes,52,no,scotland,1000
2536,male,yes,31,no,scotland,3439
2537,male,yes,24,yes,scotland,2083
2538,female,no,61,no,scotland,1022
2539,male,yes,27,yes,scotland,4523
2540,female,no,64,no,scotland,1698
2541,female,yes,58,no,scotland,1000
2542,male,no,57,no,scotland,2100
2543,male,yes,30,yes,scotland,1711
2544,female,yes,28,no,scotland,1000
2545,male,yes,37,yes,scotland,1000
2546,male,yes,59,yes,scotland,2034
2547,female,yes,55,yes,scotland,2081
2548,male,no,37,yes,scotland,1833
2549,female,no,35,yes,scotland,1282
2550,male,yes,70,no,scotland,1000
2551,female,no,67,yes,scotland,1000
2552,female,yes,42,no,scotland,1916
2553,male,yes,18,yes,scotland,1955
2554,male,no,63,yes,scotland,1690
2555,male,no,55,yes,scotland,1000
2556,male,no,25,yes,scotland,1758
2557,female,no,42,yes,scotland,1667
2558,female,no,17,yes,scotland,1100
2559,female,no,53,no,scotland,1000
2560,female,yes,40,yes,scotland,1998
2561,male,no,54,yes,scotland,1780
2562,male,no,38,no,scotland,3730
2563,female,no,36,no,scotland,1000
2564,male,no,47,yes,scotland,2034
2565,female,yes,44,yes,scotland,1867
2566,male,no,19,yes,scotland,1780
2567,male,no,17,yes,scotland,1000
2568,male,no,46,no,scotland,3002
2569,female,no,46,no,scotland,1250
2570,male,no,22,no,scotland,1000
2571,male,yes,50,no,scotland,1000
2572,female,yes,49,yes,scotland,1607
2573,male,no,26,no,scotland,1000
2574,female,no,80,no,scotland,1000
2575,male,yes,32,yes,scotland,1000
2576,female,no,31,yes,scotland,1442
2577,male,no,34,yes,scotland,2401
2578,female,no,32,yes,scotland,1500
2579,male,no,38,yes,scotland,1880
2580,female,no,40,yes,scotland,1493
2581,male,no,17,yes,scotland,1646
